1772323200000000,66977.23000000,67128.88000000,66630.80000000,66803.01000000,177.28127000,1772326799999999,11852459.95616620,18705,93.89588000,6278360.52412090,0
1772326800000000,66802.13000000,67717.43000000,66056.01000000,67349.01000000,548.85769000,1772330399999999,36677404.57924440,43564,257.16049000,17202766.76561020,0
1772330400000000,67349.01000000,68250.00000000,67349.00000000,67621.00000000,592.00157000,1772333999999999,40187395.73431560,51944,283.77454000,19260306.39447040,0
1772334000000000,67620.00000000,67817.99000000,67403.00000000,67513.00000000,172.09917000,1772337599999999,11633441.17193520,16764,83.02418000,5613495.53955110,0
1772337600000000,67513.01000000,67616.77000000,67083.00000000,67342.00000000,198.50441000,1772341199999999,13362291.93298220,17779,91.77313000,6177990.42122430,0
1772341200000000,67347.00000000,67578.07000000,67202.38000000,67292.00000000,137.71127000,1772344799999999,9282304.72551780,10120,64.73302000,4363740.06041800,0
1772344800000000,67297.59000000,67352.73000000,66785.81000000,66931.41000000,189.22016000,1772348399999999,12683060.78483800,17245,72.26852000,4844456.89008910,0
1772348400000000,66931.41000000,67238.53000000,66789.60000000,67143.44000000,125.74231000,1772351999999999,8431182.08807750,11893,73.46541000,4926625.48807240,0
1772352000000000,67145.00000000,67300.00000000,66470.03000000,66574.76000000,263.69768000,1772355599999999,17634148.33533530,17985,87.37651000,5844503.81704440,0
1772355600000000,66579.93000000,66782.80000000,66248.98000000,66412.50000000,141.33164000,1772359199999999,9399107.96469110,15723,63.95908000,4253969.82226620,0
1772359200000000,66412.49000000,66739.11000000,66224.06000000,66473.69000000,141.07357000,1772362799999999,9380274.87796450,13922,67.92995000,4516832.98412100,0
1772362800000000,66473.69000000,66675.00000000,66377.97000000,66474.00000000,75.52621000,1772366399999999,5023754.67321590,7481,41.84621000,2783607.04946020,0
1772366400000000,66474.01000000,66559.54000000,66250.75000000,66302.95000000,78.87612000,1772369999999999,5239357.55804060,8632,37.55862000,2495031.23767490,0
1772370000000000,66302.95000000,67365.32000000,66139.81000000,66944.64000000,261.23187000,1772373599999999,17443304.87628620,25465,122.66576000,8193033.57406920,0
1772373600000000,66944.65000000,67321.53000000,66757.83000000,66856.00000000,194.71435000,1772377199999999,13039781.18657130,22235,89.97295000,6027129.71497590,0
1772377200000000,66850.51000000,67249.69000000,66825.57000000,66847.20000000,166.95880000,1772380799999999,11200914.48264830,15000,85.47725000,5733855.63542360,0
1772380800000000,66848.00000000,67119.33000000,65825.01000000,66145.23000000,304.29077000,1772384399999999,20222948.58840310,26509,142.34681000,9459037.36811530,0
1772384400000000,66145.23000000,66227.27000000,65728.14000000,65986.46000000,240.22535000,1772387999999999,15862049.48706620,19505,110.15811000,7273193.87393540,0
1772388000000000,65987.00000000,66667.75000000,65987.00000000,66322.99000000,305.92020000,1772391599999999,20308334.09150980,29023,169.93117000,11279816.17812820,0
1772391600000000,66323.00000000,66364.72000000,65777.77000000,65966.35000000,274.16813000,1772395199999999,18110472.15853880,22707,125.18172000,8269344.94342480,0
1772395200000000,65966.34000000,65967.96000000,65083.34000000,65301.01000000,388.19494000,1772398799999999,25379733.55425680,33497,165.60274000,10825743.12216230,0
1772398800000000,65301.01000000,65766.27000000,65285.62000000,65672.73000000,295.15816000,1772402399999999,19345262.92283040,16537,146.42368000,9596705.27821760,0
1772402400000000,65672.73000000,66503.14000000,65050.01000000,65262.96000000,484.63413000,1772405999999999,31889045.11624800,37860,241.78480000,15900203.76672920,0
1772406000000000,65265.47000000,66100.00000000,65122.00000000,65774.94000000,266.99198000,1772409599999999,17545512.92398540,26745,134.68798000,8852542.37537720,0
1772409600000000,65778.16000000,66794.00000000,65758.85000000,66512.69000000,329.59101000,1772413199999999,21847772.70320160,32133,127.61301000,8449954.31395250,0
1772413200000000,66515.54000000,67083.81000000,66370.65000000,66538.00000000,212.55716000,1772416799999999,14178442.69229500,27888,90.95291000,6067660.40601290,0
1772416800000000,66538.00000000,66619.02000000,65894.97000000,66280.49000000,174.63459000,1772420399999999,11566562.31090100,20075,72.61933000,4809673.77860680,0
1772420400000000,66280.49000000,67040.00000000,66113.05000000,66819.05000000,253.75637000,1772423999999999,16921097.66047250,21863,94.40849000,6298473.86863160,0
1772424000000000,66825.00000000,66983.87000000,66638.16000000,66864.19000000,227.35796000,1772427599999999,15186139.11371800,16951,74.08341000,4948537.38575060,0
1772427600000000,66864.20000000,66999.69000000,66560.75000000,66733.12000000,163.34876000,1772431199999999,10910428.53131910,15042,60.54201000,4043290.60839820,0
1772431200000000,66733.13000000,66740.93000000,66065.23000000,66214.01000000,262.71466000,1772434799999999,17428278.51449280,20780,86.93202000,5762957.02637140,0
1772434800000000,66212.02000000,66213.99000000,65554.57000000,66010.00000000,292.37749000,1772438399999999,19247207.25851700,24780,140.58679000,9255655.58069420,0
1772438400000000,66015.02000000,66308.81000000,65659.13000000,66295.97000000,312.63033000,1772441999999999,20617763.58635270,28906,117.93134000,7779992.33037160,0
1772442000000000,66290.75000000,66727.19000000,66170.00000000,66170.00000000,246.98096000,1772445599999999,16402967.66021250,18402,106.76724000,7091460.11517350,0
1772445600000000,66169.70000000,66390.79000000,66081.56000000,66320.16000000,130.33791000,1772449199999999,8632681.90775790,12411,76.49406000,5066570.58928230,0
1772449200000000,66319.11000000,66475.00000000,66009.38000000,66361.63000000,163.79599000,1772452799999999,10842936.09498450,18307,75.35715000,4988040.51625350,0
1772452800000000,66361.62000000,66395.66000000,65908.01000000,65953.12000000,139.55984000,1772456399999999,9228975.80523840,16623,47.58878000,3147559.95312270,0
1772456400000000,65952.01000000,66147.81000000,65336.48000000,65434.97000000,279.43072000,1772459999999999,18373605.58959780,25246,80.06770000,5262111.96809480,0
1772460000000000,65434.97000000,67208.33000000,65255.15000000,67156.93000000,953.92697000,1772463599999999,63227707.38794620,68843,521.03384000,34607137.04236340,0
1772463600000000,67156.17000000,69620.00000000,66945.49000000,69120.99000000,1651.95814000,1772467199999999,113301019.78981820,105893,869.49151000,59663008.60304950,0
1772467200000000,69120.99000000,70134.57000000,68924.96000000,69444.97000000,877.50167000,1772470799999999,61041526.45447660,68109,475.85136000,33102344.46740150,0
1772470800000000,69441.07000000,69591.16000000,68791.51000000,69197.99000000,447.92062000,1772474399999999,30999869.16057660,26405,244.35917000,16910469.80697220,0
1772474400000000,69197.98000000,69285.71000000,68734.86000000,68893.64000000,264.29963000,1772477999999999,18246243.93492130,18539,118.40879000,8176100.56517680,0
1772478000000000,68893.65000000,69057.13000000,68579.23000000,68975.55000000,291.70297000,1772481599999999,20082488.04091060,19677,116.06217000,7990792.81947840,0
1772481600000000,68975.54000000,69520.27000000,68591.26000000,69122.47000000,315.79387000,1772485199999999,21827399.66713690,25042,158.51685000,10962174.39307390,0
1772485200000000,69125.80000000,69548.29000000,69010.56000000,69419.70000000,153.27717000,1772488799999999,10622975.71879270,14159,90.75874000,6288184.07406340,0
1772488800000000,69425.99000000,69514.89000000,69151.00000000,69450.00000000,119.86175000,1772492399999999,8312597.71252150,11380,55.35888000,3839622.83452280,0
1772492400000000,69449.99000000,69493.88000000,68736.00000000,68830.65000000,197.90261000,1772495999999999,13658539.99688040,18186,72.56182000,5007626.41505130,0
1772496000000000,68831.99000000,69165.98000000,68636.87000000,69095.25000000,149.62616000,1772499599999999,10311195.05351780,16598,86.21132000,5945196.93690580,0
1772499600000000,69092.10000000,69254.99000000,68742.59000000,68746.99000000,103.86733000,1772503199999999,7163218.34867930,15981,52.45284000,3618105.65487730,0
1772503200000000,68746.99000000,68764.49000000,68221.88000000,68503.06000000,212.62387000,1772506799999999,14556687.87768740,20311,64.10162000,4389786.91802920,0
1772506800000000,68504.01000000,68546.70000000,68225.00000000,68364.46000000,74.06233000,1772510399999999,5064154.33915840,10696,32.45912000,2219551.56985450,0
1772510400000000,68365.47000000,68443.32000000,68042.22000000,68119.01000000,119.11915000,1772513999999999,8127485.30698540,14820,41.95614000,2863019.58678320,0
1772514000000000,68119.00000000,68565.31000000,67839.29000000,67938.01000000,255.58627000,1772517599999999,17427706.89309450,27178,95.13283000,6492763.36166960,0
1772517600000000,67938.98000000,68210.17000000,67778.21000000,68100.11000000,180.87974000,1772521199999999,12292449.90948690,20955,81.04956000,5509460.73974900,0
1772521200000000,68100.10000000,68265.00000000,67948.01000000,68170.02000000,145.09580000,1772524799999999,9887772.22399550,16090,71.57928000,4877909.20064270,0
1772524800000000,68170.01000000,68311.63000000,66875.41000000,66994.91000000,447.20205000,1772528399999999,30207130.98159310,39224,190.45633000,12844761.39368880,0
1772528400000000,66994.92000000,67207.44000000,66326.90000000,66643.20000000,402.15476000,1772531999999999,26862694.28456490,37938,208.62461000,13942968.79185200,0
1772532000000000,66642.00000000,67027.73000000,66437.01000000,66850.40000000,237.73267000,1772535599999999,15846982.43929680,21595,127.86426000,8523290.44792950,0
1772535600000000,66853.06000000,67158.36000000,66752.68000000,67023.96000000,187.49307000,1772539199999999,12555279.58019440,20075,102.03388000,6832964.83247310,0
1772539200000000,67021.00000000,67973.16000000,67018.45000000,67386.01000000,299.94239000,1772542799999999,20264154.20574400,29446,131.66984000,8885865.24977930,0
1772542800000000,67386.02000000,67428.17000000,66613.86000000,66927.35000000,219.36369000,1772546399999999,14685944.63068650,23118,93.19894000,6238316.11267100,0
1772546400000000,66927.35000000,67573.51000000,66147.66000000,66553.95000000,588.70499000,1772549999999999,39347823.65095790,56319,255.69424000,17093288.46125910,0
1772550000000000,66553.32000000,67826.68000000,66447.07000000,67722.17000000,503.93393000,1772553599999999,33852689.34472240,44185,261.42279000,17561782.98567900,0
1772553600000000,67723.26000000,68996.09000000,67474.71000000,68175.73000000,736.62747000,1772557199999999,50293030.48939240,56402,379.57163000,25916586.77788970,0
1772557200000000,68175.74000000,68407.69000000,67608.77000000,68320.79000000,309.99128000,1772560799999999,21095666.17556580,26885,138.35853000,9416832.36270390,0
1772560800000000,68317.30000000,68935.05000000,67983.44000000,68635.02000000,608.52411000,1772564399999999,41794361.13988420,29147,224.60712000,15414666.68025340,0
1772564400000000,68637.69000000,68900.00000000,68311.97000000,68449.07000000,982.89970000,1772567999999999,67430649.75961650,31369,535.30904000,36704680.79804680,0
1772568000000000,68449.07000000,68598.63000000,68082.81000000,68257.99000000,546.62983000,1772571599999999,37287524.87514130,23629,370.48651000,25261295.56571800,0
1772571600000000,68257.99000000,68257.99000000,67823.53000000,68022.06000000,199.36728000,1772575199999999,13559520.90215440,16196,91.32742000,6211315.92383570,0
1772575200000000,68026.23000000,68528.22000000,68026.23000000,68316.33000000,142.56998000,1772578799999999,9738884.75519300,13949,79.27232000,5413597.84062930,0
1772578800000000,68316.33000000,68862.52000000,68238.88000000,68341.31000000,236.96619000,1772582399999999,16234507.63552240,19678,125.26019000,8582268.19564960,0
1772582400000000,68341.32000000,68416.80000000,67868.90000000,68106.19000000,124.41787000,1772585999999999,8481486.81471160,15086,50.24714000,3425991.60782560,0
1772586000000000,68106.20000000,68909.43000000,67964.86000000,68424.08000000,258.10329000,1772589599999999,17662629.58120410,23545,128.47425000,8794839.29259350,0
1772589600000000,68424.08000000,68453.45000000,67979.29000000,68324.99000000,141.47167000,1772593199999999,9652077.26830070,15281,60.16697000,4104786.42214620,0
1772593200000000,68329.07000000,68393.56000000,67402.20000000,67746.90000000,225.77962000,1772596799999999,15320536.10899150,22452,95.51198000,6482050.53531930,0
1772596800000000,67740.66000000,67958.57000000,67465.57000000,67791.26000000,210.23391000,1772600399999999,14227121.55592750,16619,110.83295000,7500672.35082170,0
1772600400000000,67791.26000000,68379.00000000,67672.40000000,68201.21000000,123.14711000,1772603999999999,8375244.83992710,15021,66.09421000,4496855.40332680,0
1772604000000000,68205.14000000,68683.98000000,68044.32000000,68509.53000000,225.62621000,1772607599999999,15430150.11695570,16956,98.62122000,6741791.33470460,0
1772607600000000,68509.54000000,69660.37000000,68348.61000000,69500.01000000,770.26595000,1772611199999999,53113476.07227060,35141,330.76107000,22830124.96128130,0
1772611200000000,69503.29000000,71184.21000000,69137.39000000,71020.00000000,984.81699000,1772614799999999,69092184.02062490,55173,436.83587000,30665119.31447450,0
1772614800000000,71021.99000000,71900.00000000,70730.09000000,71518.62000000,1180.10670000,1772618399999999,84200282.91300860,64845,580.15064000,41410537.14643110,0
1772618400000000,71524.98000000,71883.33000000,71162.15000000,71342.71000000,602.86396000,1772621999999999,43098074.10732340,29167,215.97447000,15437676.45305540,0
1772622000000000,71347.37000000,71499.09000000,70923.93000000,71109.49000000,279.59462000,1772625599999999,19911374.69945530,19333,121.07225000,8624415.70290160,0
1772625600000000,71105.11000000,71364.32000000,70591.37000000,71345.07000000,374.87112000,1772629199999999,26588576.79988670,22213,181.28236000,12862517.57687640,0
1772629200000000,71345.07000000,71628.19000000,71212.39000000,71486.32000000,358.13650000,1772632799999999,25582169.83853080,21979,132.95387000,9497266.95927570,0
1772632800000000,71484.52000000,72632.37000000,71300.16000000,71627.59000000,1013.69703000,1772636399999999,72858507.28946460,58810,495.15834000,35600848.99503030,0
1772636400000000,71627.59000000,73497.42000000,71594.73000000,73416.12000000,1047.44017000,1772639999999999,76050736.23659520,62818,591.30094000,42959062.10027180,0
1772640000000000,73411.72000000,73532.67000000,72558.96000000,73312.44000000,837.32689000,1772643599999999,61240164.39765500,55113,523.69051000,38307302.26640400,0
1772643600000000,73316.92000000,73775.57000000,72953.42000000,73234.18000000,759.08714000,1772647199999999,55611590.55852820,41072,468.38661000,34316043.02836190,0
1772647200000000,73233.62000000,73737.00000000,72932.72000000,73719.71000000,521.42429000,1772650799999999,38244947.68201710,41108,346.54496000,25422759.92497020,0
1772650800000000,73719.71000000,74086.95000000,73530.08000000,73648.24000000,551.02131000,1772654399999999,40661394.98004130,40573,340.58869000,25135632.01421430,0
1772654400000000,73648.24000000,73758.62000000,73028.00000000,73048.98000000,357.72594000,1772657999999999,26265535.70659560,26773,198.31341000,14565536.66141060,0
1772658000000000,73055.10000000,73346.63000000,72909.83000000,73333.94000000,272.01375000,1772661599999999,19894078.27696380,16488,159.78352000,11684360.63094060,0
1772661600000000,73333.94000000,73555.52000000,72637.15000000,72719.67000000,265.50922000,1772665199999999,19413581.98974360,17072,133.98488000,9802906.25027060,0
1772665200000000,72719.68000000,72894.12000000,72329.22000000,72686.18000000,279.14114000,1772668799999999,20272170.78978520,17268,117.98504000,8568004.15375510,0
1772668800000000,72686.18000000,73039.22000000,72564.32000000,72785.36000000,206.97665000,1772672399999999,15073399.41922730,17754,108.31578000,7888822.23162270,0
1772672400000000,72785.36000000,73333.00000000,72420.01000000,72556.16000000,221.74537000,1772675999999999,16149869.18476030,17965,112.41347000,8193249.18177570,0
1772676000000000,72556.17000000,72914.86000000,72355.55000000,72529.00000000,185.68308000,1772679599999999,13485082.21780030,15629,100.83692000,7322251.30980940,0
1772679600000000,72529.88000000,72769.42000000,72363.46000000,72515.28000000,129.85381000,1772683199999999,9420864.09957920,11972,64.29334000,4665045.41426250,0
1772683200000000,72515.66000000,73102.03000000,72465.64000000,72836.48000000,195.33172000,1772686799999999,14216873.02282410,15694,110.43466000,8037691.59475730,0
1772686800000000,72836.48000000,72935.76000000,72278.41000000,72425.62000000,189.92843000,1772690399999999,13778398.30202030,17255,90.22117000,6544365.86138540,0
1772690400000000,72433.52000000,72669.96000000,72041.30000000,72569.30000000,297.82456000,1772693999999999,21546673.23423190,26198,134.16176000,9708089.25753060,0
1772694000000000,72569.29000000,72680.35000000,71780.00000000,72077.28000000,467.75721000,1772697599999999,33782957.89162580,26786,233.36741000,16856837.93092920,0
1772697600000000,72070.81000000,72381.27000000,71768.01000000,72350.75000000,404.12444000,1772701199999999,29091150.69651050,27293,222.44403000,16011121.10376220,0
1772701200000000,72350.75000000,72897.81000000,72312.98000000,72621.25000000,245.27126000,1772704799999999,17805246.56498340,24234,121.11636000,8791980.83988280,0
1772704800000000,72621.25000000,73584.71000000,72531.38000000,73422.77000000,497.27188000,1772708399999999,36389928.17930280,35887,229.89690000,16829491.24389040,0
1772708400000000,73422.77000000,73486.11000000,72800.00000000,72932.01000000,506.05245000,1772711999999999,36954920.76924660,37429,207.09240000,15122869.32883890,0
1772712000000000,72932.01000000,73087.60000000,72670.09000000,72905.00000000,259.81109000,1772715599999999,18936824.93790040,19254,122.98870000,8964429.57035990,0
1772715600000000,72905.01000000,72960.00000000,72209.40000000,72485.10000000,470.34658000,1772719199999999,34120460.94480380,29424,179.25470000,13006111.91125000,0
1772719200000000,72485.11000000,72851.74000000,71967.47000000,72627.28000000,546.92866000,1772722799999999,39621787.83286040,48632,323.58423000,23445158.28227810,0
1772722800000000,72630.06000000,72786.26000000,71161.69000000,71671.17000000,828.10028000,1772726399999999,59299516.92200550,58129,352.51721000,25239534.07730330,0
1772726400000000,71671.16000000,71672.21000000,70816.13000000,71319.88000000,524.39270000,1772729999999999,37313677.39989920,43168,259.04895000,18431490.34869730,0
1772730000000000,71326.19000000,71595.04000000,70653.34000000,70711.31000000,371.59128000,1772733599999999,26361729.30177340,36339,168.22478000,11939901.32031440,0
1772733600000000,70711.31000000,71099.54000000,70665.27000000,71008.12000000,330.04537000,1772737199999999,23403107.86804060,30407,141.19598000,10010419.19340360,0
1772737200000000,71008.12000000,71438.58000000,70875.40000000,70921.99000000,326.51791000,1772740799999999,23241461.92196360,30955,147.21632000,10483288.03489310,0
1772740800000000,70923.16000000,71389.35000000,70843.83000000,71239.14000000,214.14595000,1772744399999999,15238753.09320160,25524,106.59491000,7585936.60080520,0
1772744400000000,71239.14000000,71576.55000000,71025.64000000,71143.00000000,219.48009000,1772747999999999,15655844.67435220,21664,89.30443000,6371765.38269300,0
1772748000000000,71143.01000000,71363.32000000,71076.65000000,71211.26000000,85.88002000,1772751599999999,6114877.21896170,13004,44.13867000,3142645.45312270,0
1772751600000000,71211.26000000,71305.60000000,70787.03000000,70887.07000000,132.85872000,1772755199999999,9433603.55073720,16101,53.69953000,3813801.13879900,0
1772755200000000,70887.08000000,71061.60000000,70784.00000000,70989.85000000,135.82761000,1772758799999999,9636442.21496300,17039,63.58869000,4511146.94350960,0
1772758800000000,70989.85000000,71305.09000000,70388.00000000,71256.54000000,283.90167000,1772762399999999,20109130.82896600,25361,127.87119000,9062305.83343330,0
1772762400000000,71262.01000000,71424.83000000,71037.95000000,71248.40000000,149.54209000,1772765999999999,10655529.42863000,15491,67.56037000,4813695.84670510,0
1772766000000000,71248.40000000,71294.61000000,71002.96000000,71090.49000000,75.98621000,1772769599999999,5405869.04627780,8891,36.20567000,2575751.39838050,0
1772769600000000,71090.49000000,71127.60000000,70278.69000000,70615.71000000,151.90312000,1772773199999999,10742212.73177120,15182,65.48086000,4631575.33311900,0
1772773200000000,70619.18000000,70669.40000000,70149.20000000,70438.37000000,195.37820000,1772776799999999,13744513.10731330,19338,93.05121000,6546092.71387100,0
1772776800000000,70438.36000000,70859.67000000,70262.44000000,70601.48000000,134.26975000,1772780399999999,9466581.57746670,16910,77.72119000,5479479.46092780,0
1772780400000000,70608.19000000,71198.13000000,70477.94000000,71067.27000000,205.17770000,1772783999999999,14536838.88798690,21783,88.22101000,6251407.76743360,0
1772784000000000,71067.27000000,71074.09000000,70742.88000000,70795.49000000,113.42100000,1772787599999999,8043377.90768790,16471,50.70784000,3595954.30579520,0
1772787600000000,70795.49000000,70821.99000000,70299.34000000,70564.78000000,219.88327000,1772791199999999,15496197.00700800,20923,121.65164000,8571772.83165710,0
1772791200000000,70564.77000000,70800.00000000,70464.56000000,70538.23000000,104.31066000,1772794799999999,7369321.04656660,12974,46.69670000,3299103.44942740,0
1772794800000000,70536.56000000,70644.58000000,70200.00000000,70222.13000000,127.13493000,1772798399999999,8955362.98526170,13870,53.46541000,3765224.12207180,0
1772798400000000,70222.13000000,70244.50000000,69667.66000000,69928.83000000,350.24746000,1772801999999999,24502127.20406180,28004,132.12406000,9244086.53820190,0
1772802000000000,69928.83000000,70333.33000000,69212.52000000,69222.12000000,650.82741000,1772805599999999,45393087.06993330,38119,323.32478000,22539186.82706480,0
1772805600000000,69222.11000000,69250.00000000,68158.92000000,68408.38000000,961.40357000,1772809199999999,66156240.09976210,61451,504.34443000,34726621.50939750,0
1772809200000000,68408.36000000,69109.85000000,68302.21000000,68509.45000000,503.17116000,1772812799999999,34565745.03376670,36936,222.90755000,15314955.24444240,0
1772812800000000,68506.40000000,68806.45000000,68222.41000000,68445.54000000,362.36410000,1772816399999999,24815422.46437610,24511,180.82348000,12379625.71655890,0
1772816400000000,68445.53000000,68650.00000000,67737.88000000,67956.18000000,344.92652000,1772819999999999,23483916.15910540,24018,148.88745000,10134336.17202010,0
1772820000000000,67956.18000000,68476.99000000,67947.05000000,68181.13000000,184.59553000,1772823599999999,12604509.69647380,22007,87.25082000,5957143.47075640,0
1772823600000000,68181.13000000,68478.57000000,68000.00000000,68120.33000000,134.46939000,1772827199999999,9172282.04739450,15240,63.97078000,4364259.80878250,0
1772827200000000,68120.33000000,68284.40000000,67766.99000000,68105.11000000,236.25393000,1772830799999999,16069925.08277920,19915,120.32327000,8187537.92897090,0
1772830800000000,68105.10000000,68330.90000000,67920.06000000,68285.73000000,144.09107000,1772834399999999,9816171.55308730,12954,52.46689000,3575036.52512250,0
1772834400000000,68285.73000000,68449.52000000,68226.72000000,68323.66000000,75.70328000,1772837999999999,5172753.94109510,9938,41.85875000,2860512.66406830,0
1772838000000000,68323.66000000,68369.21000000,68095.09000000,68114.01000000,73.00984000,1772841599999999,4983205.34576430,11005,37.28150000,2544558.81961320,0
1772841600000000,68114.00000000,68385.40000000,68106.97000000,68279.70000000,88.48529000,1772845199999999,6036742.80457030,10296,42.62463000,2907926.02161510,0
1772845200000000,68279.70000000,68362.81000000,68179.61000000,68257.13000000,52.37553000,1772848799999999,3575094.77764920,7695,27.73955000,1893576.19315150,0
1772848800000000,68257.13000000,68368.89000000,68046.98000000,68345.67000000,53.27092000,1772852399999999,3633562.82140970,7777,25.31195000,1726568.25543450,0
1772852400000000,68345.67000000,68545.21000000,68099.03000000,68099.03000000,78.78291000,1772855999999999,5381300.73500910,10393,33.04391000,2257878.59654360,0
1772856000000000,68098.79000000,68154.56000000,67806.34000000,68062.56000000,93.94083000,1772859599999999,6387710.19067670,12832,32.91523000,2237231.02692640,0
1772859600000000,68059.54000000,68135.51000000,67897.57000000,68015.83000000,53.82748000,1772863199999999,3660827.98505580,6769,20.73719000,1410392.95341880,0
1772863200000000,68015.83000000,68023.04000000,67609.56000000,67694.71000000,109.38940000,1772866799999999,7415794.52540630,10830,44.55779000,3019337.89191890,0
1772866800000000,67694.72000000,67859.56000000,67441.18000000,67840.00000000,138.92952000,1772870399999999,9397477.08100780,15145,51.08850000,3455690.70344880,0
1772870400000000,67840.00000000,68041.86000000,67709.92000000,67799.92000000,102.54446000,1772873999999999,6961174.48997440,10848,51.54341000,3499255.30944720,0
1772874000000000,67799.34000000,68069.31000000,67735.01000000,68001.77000000,60.78266000,1772877599999999,4131841.23553760,7648,29.89820000,2032108.46503070,0
1772877600000000,68001.77000000,68104.55000000,67868.14000000,67883.59000000,52.60533000,1772881199999999,3575954.71317050,7459,27.79786000,1889830.96326820,0
1772881200000000,67883.58000000,68244.27000000,67843.69000000,68010.89000000,62.63935000,1772884799999999,4265611.83917420,11311,35.22796000,2398888.01902080,0
1772884800000000,68010.89000000,68084.50000000,67890.49000000,67995.68000000,175.22767000,1772888399999999,11917268.15573110,9389,34.43044000,2341179.00786720,0
1772888400000000,67995.68000000,68080.38000000,67851.45000000,67927.43000000,85.78030000,1772891999999999,5830581.47149770,13167,34.48805000,2344256.28071560,0
1772892000000000,67927.42000000,68085.71000000,67604.51000000,68013.94000000,158.04000000,1772895599999999,10720987.93386790,21711,69.03878000,4684571.02164290,0
1772895600000000,68018.57000000,68039.99000000,67773.67000000,67879.58000000,85.41994000,1772899199999999,5801033.77225320,20409,33.84060000,2298364.19035360,0
1772899200000000,67879.58000000,67895.35000000,67700.36000000,67791.83000000,68.64216000,1772902799999999,4654439.31615660,13528,26.57571000,1802199.97958730,0
1772902800000000,67789.49000000,67940.00000000,67767.85000000,67783.25000000,46.29434000,1772906399999999,3141420.43758160,9077,21.77575000,1477638.97209840,0
1772906400000000,67783.25000000,67783.25000000,67476.28000000,67564.01000000,129.97130000,1772909999999999,8785470.21667460,22524,49.08735000,3318217.42381480,0
1772910000000000,67564.01000000,67570.08000000,66925.00000000,67080.02000000,316.44850000,1772913599999999,21279322.90534070,32187,119.67094000,8050370.71452140,0
1772913600000000,67080.01000000,67434.95000000,67061.97000000,67391.48000000,92.64599000,1772917199999999,6233249.80849210,16608,51.82019000,3486377.19091450,0
1772917200000000,67391.48000000,67480.83000000,67275.44000000,67450.00000000,90.18814000,1772920799999999,6078170.47830710,11084,52.14118000,3514369.13757200,0
1772920800000000,67450.00000000,67469.75000000,67095.41000000,67258.70000000,82.73288000,1772924399999999,5567329.22010790,11272,30.12174000,2027140.38651640,0
1772924400000000,67258.70000000,67403.49000000,67185.25000000,67259.16000000,46.95865000,1772927999999999,3161059.39822730,8813,22.35403000,1504788.63460690,0
1772928000000000,67259.16000000,67486.47000000,67176.51000000,67190.09000000,57.59480000,1772931599999999,3877720.12963590,11009,29.25143000,1969552.03217640,0
1772931600000000,67190.09000000,67353.08000000,67091.30000000,67293.44000000,63.00707000,1772935199999999,4235987.50535600,8364,34.45683000,2316498.62459580,0
1772935200000000,67293.44000000,67423.29000000,66829.36000000,66916.48000000,153.22020000,1772938799999999,10277178.93041060,15357,73.64870000,4942042.40352490,0
1772938800000000,66916.48000000,67080.63000000,66828.98000000,67005.01000000,110.48621000,1772942399999999,7401554.56268550,15175,35.49022000,2377472.51485860,0
1772942400000000,66999.62000000,67086.72000000,66535.97000000,66642.87000000,165.25942000,1772945999999999,11046999.47720640,17813,83.46743000,5582262.84356340,0
1772946000000000,66637.88000000,67244.73000000,66615.52000000,67153.02000000,107.37295000,1772949599999999,7196100.24737400,15224,66.38820000,4448596.03836330,0
1772949600000000,67153.03000000,67235.73000000,67041.13000000,67159.38000000,55.47191000,1772953199999999,3723897.05389350,8437,24.97551000,1676842.17691650,0
1772953200000000,67160.84000000,67465.21000000,67149.59000000,67311.68000000,114.04797000,1772956799999999,7679838.87057760,12938,64.21102000,4323634.57828400,0
1772956800000000,67311.41000000,67571.48000000,67159.11000000,67533.61000000,144.00732000,1772960399999999,9699507.41200880,13292,66.78438000,4501206.23538200,0
1772960400000000,67533.61000000,67901.81000000,67470.00000000,67695.83000000,174.00643000,1772963999999999,11784546.55458430,19748,90.84002000,6152222.48897780,0
1772964000000000,67695.84000000,68196.72000000,67691.76000000,67897.29000000,164.75001000,1772967599999999,11195340.77778510,15872,96.64940000,6568153.28564170,0
1772967600000000,67895.36000000,67895.36000000,67400.51000000,67517.41000000,173.56365000,1772971199999999,11729391.60173630,16350,75.05817000,5072558.72929500,0
1772971200000000,67517.41000000,67652.30000000,66873.59000000,67315.67000000,217.99235000,1772974799999999,14655926.76634950,23321,106.30844000,7147574.38388750,0
1772974800000000,67315.67000000,67428.32000000,66800.02000000,67231.82000000,210.60121000,1772978399999999,14122614.49252780,26623,84.72910000,5681930.74649370,0
1772978400000000,67231.83000000,67424.29000000,67053.67000000,67333.77000000,79.85944000,1772981999999999,5370560.16544550,13637,35.98687000,2420645.59024330,0
1772982000000000,67333.76000000,67367.89000000,67072.12000000,67214.97000000,73.85122000,1772985599999999,4963932.84904310,10299,36.68388000,2465682.44612030,0
1772985600000000,67209.77000000,67268.23000000,66800.02000000,66869.37000000,165.25128000,1772989199999999,11075619.20016700,14623,57.20114000,3832481.02542340,0
1772989200000000,66869.37000000,67178.64000000,66801.84000000,67052.77000000,106.41277000,1772992799999999,7135518.52366790,12250,54.88173000,3680032.74126560,0
1772992800000000,67058.90000000,67077.82000000,66749.69000000,66812.27000000,135.56240000,1772996399999999,9062188.59578560,12722,62.45531000,4175329.70685920,0
1772996400000000,66809.41000000,67483.48000000,66775.82000000,67333.32000000,158.11037000,1772999999999999,10623884.60056550,21750,96.53913000,6487051.00050220,0
1773000000000000,67333.32000000,67518.07000000,67028.94000000,67229.37000000,198.72624000,1773003599999999,13365381.07497310,23427,107.10473000,7203720.44051660,0
1773003600000000,67229.37000000,67265.87000000,66714.93000000,67001.61000000,188.79854000,1773007199999999,12639159.99549330,22255,110.67925000,7408642.92792160,0
1773007200000000,67014.07000000,67014.07000000,65612.89000000,66244.08000000,912.11731000,1773010799999999,60248618.13156850,102570,408.52869000,26985238.12983830,0
1773010800000000,66244.08000000,66571.99000000,65922.01000000,65966.00000000,439.80931000,1773014399999999,29144641.39359510,53276,225.66214000,14954127.70554250,0
1773014400000000,65966.00000000,66774.34000000,65822.36000000,66367.22000000,445.15585000,1773017999999999,29516638.78312320,65355,193.26155000,12814470.43532890,0
1773018000000000,66367.04000000,66692.09000000,66125.00000000,66202.00000000,319.43984000,1773021599999999,21217963.76454210,46121,145.63168000,9674392.21271590,0
1773021600000000,66196.93000000,66709.83000000,65958.75000000,66534.91000000,258.02604000,1773025199999999,17118976.35853790,47186,124.38882000,8251309.29000990,0
1773025200000000,66534.90000000,67677.36000000,66508.72000000,67205.63000000,412.53264000,1773028799999999,27731652.34358520,57050,220.93701000,14850619.38293030,0
1773028800000000,67205.62000000,67615.43000000,67097.13000000,67138.40000000,172.56148000,1773032399999999,11620955.79376200,26037,84.58986000,5696485.10852100,0
1773032400000000,67139.19000000,68059.86000000,67106.88000000,67899.00000000,291.12780000,1773035999999999,19697962.09651440,41527,154.25841000,10440259.16051000,0
1773036000000000,67899.00000000,67932.80000000,67222.24000000,67256.00000000,203.43732000,1773039599999999,13737958.53029240,47017,75.48486000,5098247.36556310,0
1773039600000000,67256.00000000,67561.30000000,66876.57000000,67538.36000000,180.61570000,1773043199999999,12144268.85448370,39798,85.08225000,5721942.92725690,0
1773043200000000,67538.36000000,67917.53000000,67375.65000000,67804.98000000,352.36038000,1773046799999999,23854402.88570730,41176,141.35321000,9564866.85294040,0
1773046800000000,67804.98000000,68456.17000000,67556.52000000,67972.73000000,292.52022000,1773050399999999,19914867.11623150,49216,152.95234000,10411004.66394230,0
1773050400000000,67972.73000000,68089.75000000,67541.47000000,67601.21000000,144.46681000,1773053999999999,9797668.24958490,34023,74.22706000,5034017.56322080,0
1773054000000000,67601.20000000,67846.70000000,67329.14000000,67748.01000000,110.16687000,1773057599999999,7449463.55402540,24153,65.51978000,4431445.91824910,0
1773057600000000,67748.01000000,68336.62000000,67743.01000000,68144.94000000,201.30192000,1773061199999999,13701232.80709280,39126,100.06017000,6810658.54796940,0
1773061200000000,68144.95000000,69301.58000000,68121.91000000,68979.90000000,611.72586000,1773064799999999,42087151.64897690,68633,306.43204000,21088421.72718170,0
1773064800000000,68976.93000000,69490.51000000,68690.66000000,69155.53000000,446.39705000,1773068399999999,30867804.49871590,53303,224.96586000,15557316.96621080,0
1773068400000000,69155.54000000,69266.26000000,68729.29000000,68874.31000000,373.25871000,1773071999999999,25747235.37662660,52218,155.56075000,10733497.92103070,0
1773072000000000,68874.31000000,69237.77000000,68638.90000000,68965.18000000,251.10508000,1773075599999999,17310335.40847070,49408,122.21170000,8426333.00334220,0
1773075600000000,68965.19000000,69098.97000000,68273.58000000,68613.01000000,214.09435000,1773079199999999,14700682.20096050,43784,98.61702000,6769200.29870650,0
1773079200000000,68613.01000000,68745.24000000,68240.70000000,68363.09000000,182.46939000,1773082799999999,12496475.79339450,27652,74.45691000,5100544.30408910,0
1773082800000000,68363.09000000,69541.04000000,68363.09000000,69005.30000000,492.98799000,1773086399999999,34037272.43922800,59845,230.62705000,15920265.03812310,0
1773086400000000,69005.31000000,69164.19000000,68766.70000000,68967.21000000,219.45777000,1773089999999999,15133737.42931760,27864,140.93615000,9718501.92020770,0
1773090000000000,68967.21000000,69113.92000000,68671.69000000,68930.02000000,199.84279000,1773093599999999,13782550.16527400,19409,122.76174000,8466537.46527590,0
1773093600000000,68921.88000000,69042.60000000,68598.92000000,68645.00000000,159.51975000,1773097199999999,10972905.56193400,26421,66.82477000,4596787.85993290,0
1773097200000000,68645.01000000,68705.99000000,68389.16000000,68438.71000000,106.05336000,1773100799999999,7271232.12473840,23930,43.17298000,2959960.34466030,0
1773100800000000,68438.70000000,69299.35000000,68393.60000000,69155.01000000,201.63182000,1773104399999999,13883112.72333800,37999,114.65140000,7893908.31954450,0
1773104400000000,69155.01000000,69388.87000000,68778.52000000,69265.50000000,144.11986000,1773107999999999,9959303.90232180,34405,77.97950000,5390148.41859120,0
1773108000000000,69261.99000000,70584.59000000,69106.40000000,70277.27000000,446.03583000,1773111599999999,31211858.29284090,58155,265.00387000,18544823.12596670,0
1773111600000000,70277.26000000,70374.98000000,69388.02000000,69429.99000000,235.45297000,1773115199999999,16459533.27475110,38122,89.82116000,6276573.95571740,0
1773115200000000,69429.99000000,70130.88000000,69429.99000000,70065.60000000,176.90600000,1773118799999999,12343046.26080950,22352,93.34168000,6510740.75071250,0
1773118800000000,70068.90000000,70361.93000000,69865.74000000,69973.87000000,142.84159000,1773122399999999,10015466.79274780,19062,63.04630000,4421219.56366040,0
1773122400000000,69976.50000000,70190.02000000,69759.65000000,69918.98000000,168.57610000,1773125999999999,11790815.52047370,24312,78.08301000,5462770.96018480,0
1773126000000000,69918.98000000,70536.68000000,69834.08000000,70408.00000000,292.23194000,1773129599999999,20548052.46650870,45760,154.14597000,10838746.86225320,0
1773129600000000,70408.80000000,71085.69000000,70374.91000000,70692.60000000,375.08705000,1773133199999999,26554400.59754100,58743,207.56420000,14696771.31793500,0
1773133200000000,70694.00000000,71304.07000000,70653.22000000,71074.99000000,339.81156000,1773136799999999,24133532.84130670,43018,159.81809000,11350082.15573340,0
1773136800000000,71074.00000000,71093.23000000,70674.86000000,70783.43000000,165.91259000,1773140399999999,11752279.41107020,28639,66.06782000,4680398.86789310,0
1773140400000000,70783.42000000,70876.28000000,70543.40000000,70601.52000000,158.60599000,1773143999999999,11207843.17461770,26313,75.20665000,5314003.09550340,0
1773144000000000,70601.51000000,70635.00000000,70300.01000000,70531.99000000,202.66728000,1773147599999999,14283836.01418450,35178,96.62439000,6810183.01170680,0
1773147600000000,70532.00000000,70932.06000000,69716.96000000,69927.44000000,787.79094000,1773151199999999,55332853.20990610,89454,360.94937000,25353720.58178400,0
1773151200000000,69927.45000000,71542.59000000,69258.38000000,71483.45000000,1106.33420000,1773154799999999,78135799.10462810,94635,457.34806000,32222248.14059240,0
1773154800000000,71483.45000000,71798.84000000,70910.57000000,71356.56000000,750.91870000,1773158399999999,53549112.40048390,58755,346.08898000,24669957.07248770,0
1773158400000000,71356.55000000,71729.31000000,70957.89000000,71276.71000000,420.15149000,1773161999999999,29963585.31806000,51381,183.13932000,13062769.78612610,0
1773162000000000,71279.88000000,71464.46000000,70508.51000000,70882.67000000,707.55996000,1773165599999999,50106443.64532590,58723,447.21381000,31638465.16008750,0
1773165600000000,70882.67000000,70929.35000000,69900.25000000,70023.10000000,561.46586000,1773169199999999,39470110.53040490,86138,274.03233000,19258206.05052410,0
1773169200000000,70023.11000000,70289.71000000,69726.59000000,70046.56000000,476.96475000,1773172799999999,33396599.24672920,73687,214.24460000,14999926.30171010,0
1773172800000000,70043.10000000,70358.41000000,69992.44000000,70240.70000000,210.37164000,1773176399999999,14768250.19264640,34365,101.52580000,7127430.81379450,0
1773176400000000,70242.93000000,70422.00000000,69532.00000000,69762.70000000,290.25061000,1773179999999999,20299688.12827130,39141,140.01166000,9793411.28040250,0
1773180000000000,69762.69000000,69871.64000000,69457.55000000,69708.01000000,164.76592000,1773183599999999,11470370.97625640,27516,74.17648000,5163997.48481730,0
1773183600000000,69708.01000000,69978.63000000,69703.72000000,69958.00000000,146.87938000,1773187199999999,10260159.95534580,26218,73.10282000,5106568.05424630,0
1773187200000000,69958.00000000,70177.71000000,69764.61000000,70049.56000000,177.92747000,1773190799999999,12451016.08164910,39640,90.12724000,6307154.87960430,0
1773190800000000,70049.56000000,70156.03000000,69883.30000000,70079.97000000,116.72553000,1773194399999999,8176098.43353360,27372,42.20746000,2956494.57148420,0
1773194400000000,70079.97000000,70130.14000000,69617.92000000,69822.99000000,140.20985000,1773197999999999,9795677.44679120,24155,54.83733000,3832171.93399570,0
1773198000000000,69822.99000000,69911.45000000,69496.65000000,69554.27000000,160.68764000,1773201599999999,11183486.97652560,33920,58.49462000,4070837.90889880,0
1773201600000000,69554.27000000,70270.27000000,69503.78000000,70133.00000000,115.43904000,1773205199999999,8072157.03669470,21737,65.35478000,4571162.45545960,0
1773205200000000,70133.00000000,70203.26000000,69417.08000000,69508.02000000,172.65866000,1773208799999999,12039270.23343940,24437,72.92080000,5083970.29086600,0
1773208800000000,69508.02000000,69995.31000000,69501.70000000,69943.44000000,172.20685000,1773212399999999,12008423.58290720,22331,99.58649000,6940731.13990810,0
1773212400000000,69943.43000000,70024.38000000,69500.01000000,69651.20000000,146.74874000,1773215999999999,10231263.11095180,20114,66.16357000,4613199.63336140,0
1773216000000000,69655.68000000,69793.32000000,69500.00000000,69664.80000000,157.10500000,1773219599999999,10938872.79330380,25082,86.99938000,6058370.31441170,0
1773219600000000,69664.80000000,69759.30000000,69361.89000000,69471.86000000,144.78906000,1773223199999999,10071804.45840750,27591,66.03457000,4594023.80164800,0
1773223200000000,69471.86000000,69723.89000000,69336.96000000,69611.99000000,155.10514000,1773226799999999,10783149.79891730,25904,82.64240000,5745477.89868510,0
1773226800000000,69611.99000000,69682.10000000,69157.30000000,69183.02000000,270.54660000,1773230399999999,18801263.64034090,32134,93.83213000,6519938.30173100,0
1773230400000000,69181.02000000,69791.08000000,68979.16000000,69362.88000000,339.50174000,1773233999999999,23548873.51720800,50426,177.76185000,12332337.89059790,0
1773234000000000,69362.87000000,71101.27000000,69340.00000000,70191.44000000,682.08263000,1773237599999999,47929356.70195910,76046,325.10175000,22845257.68812630,0
1773237600000000,70191.69000000,71003.02000000,69970.05000000,70591.43000000,542.50279000,1773241199999999,38290454.43595640,38551,245.89497000,17350594.53147650,0
1773241200000000,70591.43000000,70663.60000000,69689.82000000,70256.15000000,501.86676000,1773244799999999,35232678.82308330,36062,237.64031000,16680830.02835060,0
1773244800000000,70253.12000000,70847.52000000,70178.36000000,70593.44000000,355.54900000,1773248399999999,25072970.13920670,26334,153.30224000,10808386.52086260,0
1773248400000000,70593.43000000,71341.03000000,70518.74000000,70802.61000000,381.83078000,1773251999999999,27104278.66804380,30032,183.77065000,13046455.63874220,0
1773252000000000,70798.65000000,70915.79000000,70429.21000000,70641.61000000,173.64632000,1773255599999999,12275484.95275560,15687,70.91998000,5013812.04248890,0
1773255600000000,70641.61000000,70757.45000000,70392.48000000,70659.69000000,115.90827000,1773259199999999,8181308.22443410,12020,52.87449000,3732620.80166490,0
1773259200000000,70663.19000000,70728.05000000,70410.25000000,70645.60000000,148.94759000,1773262799999999,10505396.81492900,10541,56.17388000,3962611.77572090,0
1773262800000000,70645.60000000,70804.27000000,70505.95000000,70752.22000000,106.64125000,1773266399999999,7533992.97296700,10443,58.24240000,4115154.00514370,0
1773266400000000,70752.23000000,70965.53000000,70251.44000000,70378.28000000,184.11934000,1773269999999999,12982178.89005460,21249,72.73045000,5128065.01170250,0
1773270000000000,70378.27000000,70520.33000000,70131.86000000,70205.00000000,122.12627000,1773273599999999,8588242.67502100,16986,55.20745000,3882549.49952380,0
1773273600000000,70205.00000000,70365.99000000,70126.43000000,70229.47000000,113.64804000,1773277199999999,7983037.84485190,11932,45.93723000,3226836.86307450,0
1773277200000000,70229.46000000,70235.02000000,69761.86000000,69850.99000000,175.21135000,1773280799999999,12251898.42041690,19031,89.52237000,6259156.54976360,0
1773280800000000,69851.59000000,69899.82000000,69227.27000000,69294.42000000,242.31902000,1773284399999999,16852366.41109220,21506,114.39650000,7956215.58724700,0
1773284400000000,69294.41000000,69631.97000000,69248.00000000,69452.50000000,143.86510000,1773287999999999,9990298.02002460,16335,86.23610000,5988654.26910840,0
1773288000000000,69449.02000000,69682.91000000,69291.03000000,69371.40000000,102.63775000,1773291599999999,7131193.95635750,11670,53.53251000,3719611.15838210,0
1773291600000000,69371.40000000,69551.14000000,69216.66000000,69480.00000000,99.44776000,1773295199999999,6900507.79172730,15226,50.11732000,3478156.81267020,0
1773295200000000,69480.00000000,69568.99000000,69364.83000000,69505.80000000,107.12943000,1773298799999999,7442913.74546460,11697,50.84139000,3532203.39484760,0
1773298800000000,69507.97000000,69862.50000000,69418.02000000,69835.73000000,495.77195000,1773302399999999,34596911.89734530,19135,149.99716000,10457818.93758360,0
1773302400000000,69835.02000000,70146.58000000,69713.02000000,69923.58000000,243.06618000,1773305999999999,16987038.67831570,20349,151.80345000,10610826.61408970,0
1773306000000000,69917.01000000,70398.06000000,69586.52000000,69964.02000000,315.95322000,1773309599999999,22092973.45803190,27851,156.70113000,10963447.91471850,0
1773309600000000,69964.01000000,70518.74000000,69864.91000000,70427.96000000,241.89583000,1773313199999999,16991637.36551620,25498,122.86342000,8627280.84184310,0
1773313200000000,70427.96000000,70818.22000000,70377.64000000,70442.12000000,259.01958000,1773316799999999,18272019.18161170,23723,114.38123000,8069531.85042320,0
1773316800000000,70440.01000000,70636.01000000,70288.30000000,70401.76000000,644.96825000,1773320399999999,45394518.18946290,23553,376.77606000,26505844.73459310,0
1773320400000000,70401.77000000,70542.99000000,69692.77000000,69989.01000000,570.81055000,1773323999999999,40019297.73263520,36823,272.22752000,19094033.34499060,0
1773324000000000,69990.84000000,70686.77000000,69366.21000000,69602.09000000,843.68957000,1773327599999999,59094352.14747280,56066,379.16750000,26511928.48928510,0
1773327600000000,69603.23000000,70571.75000000,69489.19000000,70342.61000000,430.72572000,1773331199999999,30223455.46096550,38693,220.19232000,15448366.62483580,0
1773331200000000,70337.01000000,70582.63000000,69908.97000000,70395.55000000,402.43589000,1773334799999999,28292573.60248910,38626,217.07587000,15263979.73942880,0
1773334800000000,70395.55000000,70567.67000000,70086.68000000,70227.68000000,207.48070000,1773338399999999,14602036.68731230,24688,101.48243000,7142434.51157020,0
1773338400000000,70228.73000000,70318.00000000,69800.01000000,69829.17000000,322.55022000,1773341999999999,22578549.50082480,26042,188.85918000,13216490.85161350,0
1773342000000000,69829.17000000,70555.00000000,69773.25000000,70440.09000000,192.83375000,1773345599999999,13546843.42746760,21772,91.63138000,6435103.80832100,0
1773345600000000,70440.18000000,70571.41000000,70123.20000000,70178.01000000,109.20940000,1773349199999999,7683140.04125550,14059,53.21847000,3744800.09195510,0
1773349200000000,70178.02000000,70488.00000000,70178.02000000,70285.26000000,70.47479000,1773352799999999,4955213.79025040,10249,40.19020000,2825678.09975750,0
1773352800000000,70285.25000000,70316.73000000,70025.67000000,70185.00000000,108.50142000,1773356399999999,7613229.61813350,14998,43.62535000,3060607.76212630,0
1773356400000000,70185.00000000,70755.82000000,70170.00000000,70528.80000000,266.70503000,1773359999999999,18805922.53006600,25126,125.26683000,8833020.85507480,0
1773360000000000,70528.00000000,72030.00000000,70393.01000000,71484.32000000,772.66551000,1773363599999999,55227685.59420340,55161,394.53398000,28185852.00798550,0
1773363600000000,71484.32000000,71763.19000000,71289.66000000,71668.40000000,169.74545000,1773367199999999,12152261.21650910,16962,80.67274000,5775145.53135360,0
1773367200000000,71671.77000000,71699.20000000,71056.34000000,71151.01000000,190.04306000,1773370799999999,13566490.49071810,19005,73.60165000,5253169.55444520,0
1773370800000000,71151.01000000,71514.14000000,70966.01000000,71410.01000000,124.53654000,1773374399999999,8869448.12646660,17095,71.32235000,5080684.49326380,0
1773374400000000,71410.01000000,71503.36000000,71245.11000000,71395.01000000,78.17343000,1773377999999999,5577944.71794140,11946,34.31822000,2448442.68699200,0
1773378000000000,71395.01000000,71641.41000000,71245.00000000,71554.58000000,154.88892000,1773381599999999,11071738.24045570,17233,80.64884000,5765985.65530480,0
1773381600000000,71554.58000000,71598.00000000,71188.00000000,71349.99000000,142.75761000,1773385199999999,10182921.67364500,21576,51.70003000,3688526.36680730,0
1773385200000000,71350.00000000,71684.00000000,71241.00000000,71629.01000000,250.97615000,1773388799999999,17950647.94757010,21525,113.86023000,8140813.20061360,0
1773388800000000,71629.00000000,72183.00000000,71393.19000000,71834.99000000,448.48855000,1773392399999999,32233655.51981340,44127,166.49899000,11956652.60989100,0
1773392400000000,71837.98000000,72118.08000000,71600.81000000,72020.99000000,185.96272000,1773395999999999,13371636.98290950,25091,101.36027000,7288825.48817650,0
1773396000000000,72021.00000000,72599.99000000,72010.01000000,72484.07000000,455.82324000,1773399599999999,33013602.78679890,37540,207.16361000,15000003.13537810,0
1773399600000000,72483.01000000,72550.98000000,72216.24000000,72242.01000000,173.15038000,1773403199999999,12525456.95048310,24133,77.11607000,5578900.92898410,0
1773403200000000,72242.00000000,72909.09000000,72222.18000000,72799.01000000,351.28582000,1773406799999999,25483733.03411630,33078,172.09218000,12491357.11874280,0
1773406800000000,72799.01000000,73611.23000000,72701.05000000,73400.84000000,692.98768000,1773410399999999,50702851.53570970,65639,367.69547000,26906295.04019720,0
1773410400000000,73401.83000000,73972.00000000,72375.09000000,72410.62000000,3319.76632000,1773413999999999,243859381.11153190,96834,1056.89986000,77278796.48845720,0
1773414000000000,72410.63000000,72850.00000000,71755.27000000,71849.62000000,2442.90409000,1773417599999999,177131614.56661780,86553,1974.59801000,143225613.66522710,0
1773417600000000,71849.62000000,72117.64000000,71167.37000000,71905.60000000,585.91174000,1773421199999999,41994964.04197310,55003,317.91326000,22780734.86533300,0
1773421200000000,71905.59000000,72256.56000000,70919.85000000,71047.01000000,877.51283000,1773424799999999,62926968.44516350,58609,532.58684000,38240045.02380120,0
1773424800000000,71048.02000000,71370.01000000,70851.08000000,71064.35000000,324.92587000,1773428399999999,23102269.71223480,30014,178.22637000,12673948.91308790,0
1773428400000000,71064.35000000,71317.27000000,71011.62000000,71191.64000000,197.55919000,1773431999999999,14056121.40565930,21596,123.43798000,8783318.39696100,0
1773432000000000,71191.27000000,71481.75000000,71156.68000000,71359.13000000,144.69335000,1773435599999999,10323217.65192580,14623,88.17079000,6290702.99621800,0
1773435600000000,71359.13000000,71499.00000000,71071.66000000,71112.65000000,108.42664000,1773439199999999,7728222.04223550,11082,48.51156000,3458286.09114660,0
1773439200000000,71112.64000000,71201.12000000,70572.00000000,70829.99000000,343.19151000,1773442799999999,24314833.43324580,23883,89.42156000,6329570.94652240,0
1773442800000000,70830.99000000,71048.88000000,70715.00000000,70945.17000000,107.91562000,1773446399999999,7652295.91104710,12946,58.46362000,4144848.04301670,0
1773446400000000,70945.16000000,70967.99000000,70570.36000000,70648.01000000,129.70382000,1773449999999999,9183472.11625440,13454,58.10832000,4114713.28737360,0
1773450000000000,70648.01000000,70919.93000000,70483.99000000,70847.20000000,76.69416000,1773453599999999,5424766.42889950,10900,29.67543000,2099643.92396610,0
1773453600000000,70846.02000000,70918.47000000,70749.25000000,70795.37000000,72.20211000,1773457199999999,5113944.93146530,8341,37.13574000,2630344.50243230,0
1773457200000000,70795.37000000,71178.89000000,70795.37000000,71090.00000000,81.48642000,1773460799999999,5789274.18288600,9755,43.85939000,3115518.59954110,0
1773460800000000,71087.35000000,71316.58000000,71033.37000000,71050.28000000,90.47724000,1773464399999999,6441005.72900340,8775,40.52206000,2885026.05758710,0
1773464400000000,71050.29000000,71162.48000000,70925.66000000,71027.14000000,93.36341000,1773467999999999,6634465.61012270,6735,52.09214000,3702054.54404210,0
1773468000000000,71027.15000000,71027.15000000,70330.47000000,70634.63000000,165.66291000,1773471599999999,11703862.29437660,14762,85.14599000,6014956.50727140,0
1773471600000000,70641.80000000,70751.87000000,70494.21000000,70611.91000000,94.77645000,1773475199999999,6692734.12868190,8626,48.79937000,3446370.60345250,0
1773475200000000,70611.90000000,70723.96000000,70550.16000000,70599.40000000,70.72459000,1773478799999999,4996022.01178190,7693,29.32692000,2071576.03144720,0
1773478800000000,70599.41000000,70742.41000000,70395.50000000,70528.04000000,90.96417000,1773482399999999,6422534.43875220,7588,42.30128000,2986835.82547510,0
1773482400000000,70524.88000000,70588.08000000,70402.20000000,70580.57000000,62.53093000,1773485999999999,4408472.71241510,6865,28.05664000,1977909.71830240,0
1773486000000000,70580.56000000,70796.61000000,70569.13000000,70758.34000000,57.43124000,1773489599999999,4060065.61386990,6120,35.25473000,2492227.65587660,0
1773489600000000,70758.33000000,70849.98000000,70620.55000000,70788.79000000,76.85960000,1773493199999999,5437128.63902680,6633,36.15076000,2557297.73129140,0
1773493200000000,70788.79000000,70943.80000000,70723.95000000,70872.48000000,79.21201000,1773496799999999,5612848.77062660,7312,40.51710000,2870931.25988560,0
1773496800000000,70869.54000000,70961.37000000,70573.42000000,70616.51000000,91.65380000,1773500399999999,6483001.70146010,9011,34.44161000,2436783.81715990,0
1773500400000000,70616.52000000,70744.12000000,70508.26000000,70600.72000000,67.36380000,1773503999999999,4757685.52289250,7947,33.27823000,2350481.59975170,0
1773504000000000,70597.57000000,70729.38000000,70512.24000000,70692.26000000,46.49723000,1773507599999999,3285027.13406520,5991,24.33915000,1719491.72129670,0
1773507600000000,70692.26000000,70751.01000000,70596.32000000,70629.16000000,83.38097000,1773511199999999,5893011.15068520,7001,26.06042000,1841930.52494840,0
1773511200000000,70629.17000000,70718.28000000,70559.82000000,70677.12000000,28.55934000,1773514799999999,2017011.64227890,3715,11.94340000,843604.47928230,0
1773514800000000,70677.13000000,70750.00000000,70607.00000000,70710.06000000,20.15562000,1773518399999999,1424746.27018990,4245,8.15807000,576666.68938030,0
1773518400000000,70710.06000000,70875.00000000,70659.82000000,70818.16000000,40.49640000,1773521999999999,2866402.69903430,5162,22.71698000,1607827.46634900,0
1773522000000000,70818.15000000,70837.72000000,70675.26000000,70820.03000000,37.45619000,1773525599999999,2649748.10121240,4755,17.80549000,1259672.41535800,0
1773525600000000,70820.04000000,70821.58000000,70716.00000000,70733.03000000,85.48383000,1773529199999999,6047658.77566550,6518,46.53742000,3292068.03244470,0
1773529200000000,70733.03000000,71267.29000000,70733.03000000,71229.78000000,257.82189000,1773532799999999,18317667.00010490,19045,119.35300000,8473141.52417750,0
1773532800000000,71229.77000000,71242.95000000,70982.00000000,71012.00000000,160.48392000,1773536399999999,11408814.99042140,12733,74.31572000,5282665.82515970,0
1773536400000000,71011.53000000,71062.86000000,70877.00000000,71014.68000000,71.86730000,1773539999999999,5101649.60756500,12158,46.78756000,3321272.57840900,0
1773540000000000,71014.69000000,71636.01000000,71014.69000000,71460.25000000,184.55563000,1773543599999999,13171272.84114880,22768,108.87961000,7769663.06009750,0
1773543600000000,71460.25000000,71545.55000000,71245.86000000,71363.99000000,91.11088000,1773547199999999,6504772.50675950,9617,36.73469000,2622451.17592270,0
1773547200000000,71363.99000000,71672.91000000,71340.01000000,71599.00000000,83.36491000,1773550799999999,5965236.73203450,10996,46.70349000,3341663.55399950,0
1773550800000000,71598.99000000,71806.35000000,71484.34000000,71500.00000000,116.14272000,1773554399999999,8319232.79708960,11868,50.28065000,3601751.52578200,0
1773554400000000,71499.99000000,71608.00000000,71401.14000000,71466.40000000,97.28912000,1773557999999999,6955338.51889770,8801,40.04374000,2862584.57514060,0
1773558000000000,71466.39000000,71689.93000000,71415.03000000,71470.00000000,104.14382000,1773561599999999,7448528.31362970,8663,59.59034000,4261620.17954880,0
1773561600000000,71470.00000000,71727.36000000,71470.00000000,71727.36000000,95.80200000,1773565199999999,6859928.62576280,9909,59.66369000,4272459.32581620,0
1773565200000000,71727.37000000,71954.66000000,71722.53000000,71805.32000000,141.40575000,1773568799999999,10159677.50410770,15325,76.27562000,5480289.23137420,0
1773568800000000,71805.33000000,71930.77000000,71734.77000000,71797.01000000,62.44236000,1773572399999999,4485535.88697360,9632,40.35829000,2899305.31403240,0
1773572400000000,71797.01000000,71907.00000000,71675.52000000,71856.99000000,69.47527000,1773575999999999,4986396.31991040,8880,37.88463000,2719206.73829180,0
1773576000000000,71857.00000000,71857.00000000,71581.84000000,71626.01000000,64.47917000,1773579599999999,4622156.49776010,8398,25.99524000,1863254.16210880,0
1773579600000000,71626.01000000,71699.99000000,71281.31000000,71613.98000000,720.33231000,1773583199999999,51412708.54379500,28081,502.18904000,35834436.55194550,0
1773583200000000,71613.98000000,71634.78000000,71347.19000000,71629.99000000,98.14862000,1773586799999999,7018013.32919160,12316,50.70424000,3625769.19860100,0
1773586800000000,71630.00000000,71631.90000000,71420.23000000,71490.00000000,55.61384000,1773590399999999,3978264.72087570,9136,25.70430000,1838523.54891250,0
1773590400000000,71490.00000000,71600.00000000,71312.85000000,71447.00000000,82.60713000,1773593999999999,5900486.46349560,10078,46.44167000,3316784.93877610,0
1773594000000000,71447.00000000,72000.00000000,71421.01000000,71831.30000000,116.07073000,1773597599999999,8322249.62133330,15400,69.48711000,4982151.75278660,0
1773597600000000,71831.30000000,71895.99000000,71328.37000000,71397.57000000,131.55384000,1773601199999999,9420609.93430680,15075,50.49649000,3617684.82325400,0
1773601200000000,71397.58000000,71586.94000000,71350.01000000,71566.63000000,118.36337000,1773604799999999,8459899.21242450,10237,58.68649000,4194205.13407160,0
1773604800000000,71566.64000000,71946.87000000,71444.34000000,71739.71000000,102.57493000,1773608399999999,7356874.27158980,11219,64.70534000,4640839.89229560,0
1773608400000000,71739.71000000,72233.15000000,71638.24000000,72120.68000000,133.85050000,1773611999999999,9638257.52017170,15814,75.30593000,5422513.28342480,0
1773612000000000,72120.68000000,73090.00000000,71734.11000000,72755.84000000,516.74049000,1773615599999999,37399773.82968060,49264,311.27227000,22534604.80018900,0
1773615600000000,72757.53000000,73224.86000000,72427.99000000,72828.94000000,416.96465000,1773619199999999,30351232.69996920,43879,222.54757000,16201982.14217710,0
1773619200000000,72828.94000000,73024.96000000,72449.53000000,72537.60000000,222.02026000,1773622799999999,16148371.71203240,25179,98.76446000,7186405.79530940,0
1773622800000000,72540.96000000,72867.38000000,72285.81000000,72765.32000000,189.25170000,1773626399999999,13735475.51301830,18496,85.34485000,6193171.31449560,0
1773626400000000,72768.48000000,72913.33000000,72385.00000000,72534.64000000,249.11064000,1773629999999999,18105057.06068780,17575,171.68112000,12485685.28555870,0
1773630000000000,72533.01000000,74312.49000000,72452.00000000,73581.00000000,921.27402000,1773633599999999,67790838.19113070,63337,490.03363000,36043835.85585440,0
1773633600000000,73581.00000000,74453.41000000,73581.00000000,73842.89000000,394.80323000,1773637199999999,29166606.94188750,34524,223.78481000,16533727.25691030,0
1773637200000000,73842.88000000,74258.90000000,73713.47000000,74209.43000000,369.42485000,1773640799999999,27324811.99691110,24955,204.57296000,15131580.51462290,0
1773640800000000,74209.44000000,74209.44000000,73610.81000000,73719.64000000,215.49297000,1773644399999999,15906695.66060050,16542,81.53837000,6016705.18571380,0
1773644400000000,73716.48000000,73926.26000000,73386.81000000,73463.68000000,284.25274000,1773647999999999,20927481.21245750,16877,143.85361000,10589811.17175780,0
1773648000000000,73463.68000000,73775.91000000,72881.49000000,73141.60000000,338.37089000,1773651599999999,24793271.47667600,25822,151.43991000,11101141.01783430,0
1773651600000000,73141.60000000,73336.17000000,73062.50000000,73267.17000000,165.73004000,1773655199999999,12132523.92289150,14312,92.03614000,6735753.31975520,0
1773655200000000,73267.17000000,73796.95000000,73211.72000000,73790.67000000,259.25509000,1773658799999999,19051499.19525870,19259,164.59936000,12098481.67842210,0
1773658800000000,73790.62000000,73852.87000000,73521.96000000,73559.75000000,182.29822000,1773662399999999,13427055.24099550,14790,93.53019000,6889647.63752370,0
1773662400000000,73559.75000000,74054.32000000,73468.69000000,73870.52000000,294.42604000,1773665999999999,21713454.25621950,19630,190.52292000,14052196.63173140,0
1773666000000000,73870.52000000,74526.89000000,73792.22000000,74128.73000000,523.35818000,1773669599999999,38818520.31596750,35779,257.80627000,19123611.92652770,0
1773669600000000,74129.00000000,74472.72000000,73000.00000000,73581.63000000,518.64781000,1773673199999999,38203179.24022560,41643,255.06626000,18808152.35238280,0
1773673200000000,73581.63000000,74045.44000000,73200.00000000,73286.85000000,294.17645000,1773676799999999,21656712.97065430,27509,148.19814000,10912509.78766530,0
1773676800000000,73285.69000000,73913.89000000,73173.92000000,73766.10000000,295.80548000,1773680399999999,21739913.62334140,22078,189.87225000,13952817.23781470,0
1773680400000000,73766.11000000,74075.85000000,73655.75000000,73958.84000000,499.42707000,1773683999999999,36930133.92180990,24899,123.57809000,9131491.17831860,0
1773684000000000,73958.84000000,74374.48000000,73843.51000000,73918.27000000,467.91311000,1773687599999999,34685199.17649320,27149,211.60664000,15694081.72770990,0
1773687600000000,73918.28000000,74426.76000000,73784.75000000,73973.51000000,199.51257000,1773691199999999,14773829.02149210,21654,88.58266000,6561382.14821390,0
1773691200000000,73969.83000000,74255.12000000,73867.75000000,74242.56000000,95.85644000,1773694799999999,7095282.50892220,11122,42.41550000,3139848.35617630,0
1773694800000000,74242.55000000,74806.29000000,74150.48000000,74405.65000000,410.50570000,1773698399999999,30584606.84796120,27514,245.55643000,18297200.26002460,0
1773698400000000,74404.61000000,74911.13000000,74378.55000000,74772.01000000,347.62879000,1773701999999999,25996204.47617380,28428,145.84388000,10905506.71673430,0
1773702000000000,74772.02000000,74924.00000000,74252.91000000,74886.98000000,211.66892000,1773705599999999,15787935.78921600,25389,96.34265000,7187268.06571170,0
1773705600000000,74886.97000000,75523.87000000,74625.00000000,75320.17000000,569.35394000,1773709199999999,42753831.14334060,50555,298.48519000,22413472.65834390,0
1773709200000000,75320.17000000,76020.02000000,75073.24000000,75624.13000000,617.64132000,1773712799999999,46735353.38423290,42580,282.22115000,21357831.80887580,0
1773712800000000,75624.12000000,75679.99000000,75123.84000000,75202.54000000,288.31390000,1773716399999999,21707741.89618820,23294,79.28494000,5969264.16652530,0
1773716400000000,75202.54000000,75335.62000000,74276.29000000,74470.99000000,408.00700000,1773719999999999,30473068.28754570,36217,163.84387000,12230728.00410330,0
1773720000000000,74473.00000000,74695.59000000,73993.63000000,74253.02000000,353.54630000,1773723599999999,26263880.13987600,28417,146.56306000,10890717.17188860,0
1773723600000000,74253.01000000,74471.00000000,73781.95000000,74050.92000000,279.98028000,1773727199999999,20771691.60700980,26083,106.63515000,7910534.48600630,0
1773727200000000,74046.01000000,74288.15000000,73884.90000000,74089.00000000,186.93109000,1773730799999999,13848632.93178400,20215,77.62220000,5752306.12034260,0
1773730800000000,74089.01000000,74467.99000000,74074.01000000,74260.90000000,120.10855000,1773734399999999,8928088.47279000,18183,65.62039000,4877843.88282540,0
1773734400000000,74260.91000000,74468.44000000,74119.88000000,74203.73000000,178.30599000,1773737999999999,13250406.03704710,19696,74.84110000,5562571.08510380,0
1773738000000000,74203.74000000,74412.24000000,73854.33000000,73949.99000000,197.23557000,1773741599999999,14625163.17539720,24445,86.79010000,6435241.61580700,0
1773741600000000,73949.98000000,73975.23000000,73570.13000000,73747.99000000,384.82457000,1773745199999999,28367210.16474460,25135,242.47863000,17871589.04728970,0
1773745200000000,73748.91000000,74238.69000000,73693.01000000,74043.99000000,233.61367000,1773748799999999,17286383.13155450,22244,150.79123000,11156875.01103570,0
1773748800000000,74044.00000000,74189.40000000,73663.83000000,73748.01000000,161.00301000,1773752399999999,11899423.69064470,21205,73.62483000,5442235.33266990,0
1773752400000000,73747.01000000,74188.78000000,73401.37000000,73620.99000000,333.00366000,1773755999999999,24571985.91284380,31895,147.18415000,10864274.17315790,0
1773756000000000,73625.78000000,74439.65000000,73435.68000000,74407.07000000,355.29894000,1773759599999999,26297478.53190900,32855,174.61116000,12932220.80228650,0
1773759600000000,74407.07000000,74918.82000000,73692.30000000,73939.92000000,370.63002000,1773763199999999,27515567.30565100,45696,180.21011000,13382979.57760380,0
1773763200000000,73936.11000000,74368.89000000,73881.23000000,74176.88000000,169.36606000,1773766799999999,12559002.62951070,23351,81.31274000,6029736.47952850,0
1773766800000000,74177.49000000,74617.00000000,74023.71000000,74544.98000000,134.62815000,1773770399999999,10012650.36639170,23425,71.91632000,5348558.89237070,0
1773770400000000,74544.98000000,74787.96000000,74406.75000000,74708.01000000,162.46951000,1773773999999999,12124325.71183600,19657,75.84165000,5660194.36077620,0
1773774000000000,74708.00000000,74836.35000000,74451.01000000,74533.01000000,155.33167000,1773777599999999,11597530.92237660,19171,61.19151000,4568845.44053260,0
1773777600000000,74533.00000000,74711.55000000,74393.96000000,74537.01000000,74.12219000,1773781199999999,5525100.30427630,11839,35.80406000,2669260.91852320,0
1773781200000000,74537.00000000,74839.82000000,74482.36000000,74718.80000000,85.50872000,1773784799999999,6385956.33101760,12728,38.98938000,2911817.59126670,0
1773784800000000,74718.81000000,74805.53000000,73950.13000000,74329.46000000,129.56329000,1773788399999999,9627340.53499070,17052,58.41166000,4341973.85165530,0
1773788400000000,74329.46000000,74436.30000000,73890.94000000,73935.89000000,121.62921000,1773791999999999,9020650.99293410,15771,41.76623000,3097695.10917400,0
1773792000000000,73935.89000000,74096.53000000,73559.00000000,73890.26000000,125.17464000,1773795599999999,9239332.83205390,16777,57.74141000,4262162.42452060,0
1773795600000000,73890.26000000,74233.16000000,73848.24000000,74096.54000000,78.30428000,1773799199999999,5796362.46737480,10982,40.81685000,3022170.29878590,0
1773799200000000,74096.54000000,74511.76000000,74071.75000000,74370.90000000,91.58639000,1773802799999999,6807192.16492290,11774,51.84174000,3853197.26432050,0
1773802800000000,74370.90000000,74699.99000000,74281.97000000,74482.00000000,105.76360000,1773806399999999,7878690.07517870,14127,55.23263000,4114600.00290370,0
1773806400000000,74482.00000000,74521.22000000,74162.36000000,74200.00000000,99.18678000,1773809999999999,7375548.83493650,10890,31.37198000,2332066.40012940,0
1773810000000000,74200.01000000,74328.00000000,73864.00000000,73981.98000000,160.64448000,1773813599999999,11900016.38257070,19049,82.76222000,6129692.48335570,0
1773813600000000,73981.98000000,74253.15000000,73964.00000000,73980.02000000,137.64619000,1773817199999999,10199013.23372610,14377,74.07047000,5488139.72935660,0
1773817200000000,73980.01000000,74022.99000000,73717.70000000,73902.01000000,126.22741000,1773820799999999,9325250.49919010,15547,65.07230000,4807947.66547740,0
1773820800000000,73902.01000000,74140.58000000,73883.02000000,74060.96000000,114.92079000,1773824399999999,8509454.09531330,7059,64.40013000,4768134.16529530,0
1773824400000000,74060.96000000,74299.00000000,74050.01000000,74197.96000000,67.56996000,1773827999999999,5013047.90335910,7703,32.69608000,2425673.13565980,0
1773828000000000,74197.95000000,74278.00000000,73820.12000000,73956.01000000,156.46067000,1773831599999999,11576381.05061450,14134,85.96971000,6359299.58011200,0
1773831600000000,73956.00000000,74087.44000000,72762.89000000,72975.44000000,628.03468000,1773835199999999,46007863.30448630,54211,293.00675000,21461970.25745540,0
1773835200000000,72975.43000000,73004.80000000,72288.00000000,72376.44000000,681.00897000,1773838799999999,49474302.22534910,52376,278.30626000,20216056.35843060,0
1773838800000000,72376.45000000,72579.44000000,71995.37000000,72144.00000000,414.90542000,1773842399999999,29995992.91579300,41961,219.32321000,15859896.37860110,0
1773842400000000,72144.00000000,72240.98000000,71134.51000000,71210.99000000,701.32430000,1773845999999999,50295450.81816270,53139,233.39663000,16740451.39608810,0
1773846000000000,71210.99000000,71541.15000000,70871.42000000,71482.02000000,622.75696000,1773849599999999,44384620.51425980,47809,321.39804000,22912572.30804150,0
1773849600000000,71481.24000000,71575.00000000,71049.81000000,71331.71000000,303.62094000,1773853199999999,21648542.63218950,32657,168.79075000,12036893.28307240,0
1773853200000000,71331.72000000,71770.14000000,71212.01000000,71612.19000000,275.18833000,1773856799999999,19688320.50785020,20597,166.74992000,11930829.48466490,0
1773856800000000,71610.02000000,72014.28000000,70962.06000000,71112.02000000,468.72343000,1773860399999999,33553725.80772140,36790,201.46088000,14428596.09878830,0
1773860400000000,71113.82000000,71497.01000000,70934.88000000,71075.99000000,371.04528000,1773863999999999,26403883.67224640,28032,153.13582000,10902154.37196430,0
1773864000000000,71073.72000000,71333.33000000,70414.01000000,71220.49000000,729.75563000,1773867599999999,51684891.70760060,47862,323.47610000,22933319.27736320,0
1773867600000000,71219.35000000,71449.98000000,71172.78000000,71276.48000000,207.70046000,1773871199999999,14817186.01850390,15161,148.51776000,10596129.08895360,0
1773871200000000,71274.81000000,71281.80000000,70950.01000000,71157.13000000,168.46767000,1773874799999999,11973579.81031840,16266,66.79108000,4747182.32641670,0
1773874800000000,71157.13000000,71380.00000000,71073.01000000,71254.28000000,104.97255000,1773878399999999,7478050.08657640,12879,55.72769000,3970292.84278170,0
1773878400000000,71254.27000000,71323.20000000,70986.09000000,71014.48000000,116.34341000,1773881999999999,8277438.18486770,15962,45.90261000,3266940.69919150,0
1773882000000000,71015.99000000,71192.47000000,70963.26000000,71129.13000000,84.98951000,1773885599999999,6041616.77739880,11590,38.07219000,2706727.50371340,0
1773885600000000,71127.40000000,71268.61000000,70912.20000000,71069.30000000,75.85414000,1773889199999999,5398112.54421200,13255,31.48268000,2240734.51558520,0
1773889200000000,71069.30000000,71622.99000000,71069.30000000,71224.82000000,159.58777000,1773892799999999,11393604.17938240,16493,64.45471000,4601573.95814490,0
1773892800000000,71224.82000000,71224.82000000,70665.77000000,70830.02000000,166.91517000,1773896399999999,11827591.23949370,16083,66.24552000,4692423.51020940,0
1773896400000000,70830.02000000,70916.18000000,70658.69000000,70836.54000000,66.38333000,1773899999999999,4700801.49849870,9879,37.06026000,2624444.49806580,0
1773900000000000,70837.05000000,70987.05000000,70508.42000000,70587.51000000,126.50212000,1773903599999999,8945659.74765750,14678,54.02029000,3820168.14157430,0
1773903600000000,70587.51000000,70605.97000000,69489.97000000,70202.82000000,508.08443000,1773907199999999,35587538.53970120,47143,179.27111000,12555406.47694120,0
1773907200000000,70202.82000000,70310.47000000,69912.98000000,70002.97000000,145.10996000,1773910799999999,10174959.76507490,20783,69.93861000,4904753.88465260,0
1773910800000000,70002.97000000,70574.99000000,69990.00000000,70506.74000000,226.34863000,1773914399999999,15908215.88563780,24730,138.83647000,9758372.82384620,0
1773914400000000,70506.73000000,70538.40000000,70113.21000000,70131.09000000,397.71465000,1773917999999999,27960793.08568600,24607,155.84423000,10954113.20818350,0
1773918000000000,70131.09000000,70261.95000000,69910.82000000,69956.39000000,116.10662000,1773921599999999,8137330.69783730,17271,49.99794000,3504120.83836610,0
1773921600000000,69956.40000000,69956.40000000,69105.18000000,69290.33000000,491.23460000,1773925199999999,34181106.77854810,42429,150.91623000,10500828.33056800,0
1773925200000000,69292.92000000,70087.16000000,69075.11000000,69904.02000000,1199.03252000,1773928799999999,83169458.12384570,60406,642.41707000,44548211.37391700,0
1773928800000000,69906.93000000,70166.66000000,69096.08000000,69490.80000000,334.15336000,1773932399999999,23205405.96141220,36255,150.23796000,10433525.93627960,0
1773932400000000,69488.00000000,69920.31000000,68795.45000000,69411.99000000,599.30343000,1773935999999999,41532965.27514190,42008,240.80806000,16684915.38873830,0
1773936000000000,69413.64000000,69650.00000000,69178.88000000,69460.01000000,414.79181000,1773939599999999,28824700.20173790,25909,194.53693000,13516644.95074660,0
1773939600000000,69460.00000000,69947.62000000,69117.65000000,69853.84000000,298.65638000,1773943199999999,20785298.47953250,25100,198.84697000,13843475.94286060,0
1773943200000000,69853.84000000,69938.19000000,69583.23000000,69821.84000000,159.88923000,1773946799999999,11152088.26998650,15067,72.41642000,5050791.97296230,0
1773946800000000,69821.83000000,70598.28000000,69804.02000000,70275.54000000,531.59384000,1773950399999999,37372222.31691810,32608,327.77034000,23042763.24226140,0
1773950400000000,70275.53000000,70679.67000000,70200.01000000,70486.16000000,182.21756000,1773953999999999,12830517.27838480,12973,106.10219000,7470329.60266920,0
1773954000000000,70486.16000000,70706.87000000,70381.88000000,70421.11000000,106.10424000,1773957599999999,7486364.03951940,13177,51.21093000,3613048.48770570,0
1773957600000000,70421.11000000,70509.78000000,69957.25000000,70188.83000000,165.91106000,1773961199999999,11651540.70416720,16892,58.23610000,4088684.54703030,0
1773961200000000,70188.83000000,70290.05000000,69725.00000000,69924.01000000,139.50795000,1773964799999999,9759396.55111830,16053,57.86119000,4048687.30719290,0
1773964800000000,69924.01000000,70317.98000000,69843.01000000,70193.90000000,238.96884000,1773968399999999,16764552.07839170,16254,162.53116000,11403356.17027590,0
1773968400000000,70195.66000000,70592.01000000,70183.23000000,70404.99000000,162.71503000,1773971999999999,11460053.71916470,16596,69.43557000,4890940.41933200,0
1773972000000000,70404.99000000,70515.84000000,70081.37000000,70418.24000000,104.43262000,1773975599999999,7340004.58700580,11951,42.23571000,2968148.88954590,0
1773975600000000,70418.24000000,70814.39000000,70387.01000000,70728.84000000,191.65822000,1773979199999999,13540741.74444040,17219,97.61438000,6895041.80496510,0
1773979200000000,70728.84000000,70969.47000000,70556.53000000,70782.01000000,152.95334000,1773982799999999,10826996.20908100,16759,65.95449000,4669285.60058660,0
1773982800000000,70782.00000000,70870.35000000,70516.75000000,70602.32000000,79.16068000,1773986399999999,5596117.32452650,13367,33.69302000,2381982.62366640,0
1773986400000000,70601.17000000,70648.79000000,70342.47000000,70497.02000000,114.82654000,1773989999999999,8094088.55578370,15420,44.17967000,3114073.03993440,0
1773990000000000,70497.01000000,70939.80000000,70203.50000000,70851.01000000,252.95727000,1773993599999999,17858697.06590520,26910,87.70481000,6192563.70616610,0
1773993600000000,70851.01000000,71366.85000000,70792.52000000,71044.99000000,235.23186000,1773997199999999,16737500.38729530,30159,99.50346000,7079074.33335860,0
1773997200000000,71045.00000000,71045.00000000,70420.00000000,70579.01000000,245.38435000,1774000799999999,17341308.72962050,26991,106.83173000,7549564.61695910,0
1774000800000000,70579.01000000,70673.95000000,70218.22000000,70615.00000000,192.49823000,1774004399999999,13554365.61532830,19819,95.66868000,6735984.29620640,0
1774004400000000,70615.00000000,70810.00000000,70296.59000000,70478.29000000,162.95531000,1774007999999999,11501540.07186940,18400,75.57632000,5338027.89027750,0
1774008000000000,70478.29000000,70680.00000000,70240.30000000,70334.38000000,209.74704000,1774011599999999,14770503.75539090,18658,113.82743000,8013670.01136770,0
1774011600000000,70334.38000000,70612.07000000,69785.14000000,69854.81000000,351.47688000,1774015199999999,24647004.06530230,43418,133.92199000,9394643.32902420,0
1774015200000000,69854.81000000,70261.90000000,69585.18000000,69726.30000000,512.01347000,1774018799999999,35780630.52357480,38892,263.07486000,18386850.26147710,0
1774018800000000,69730.99000000,69994.04000000,69466.09000000,69845.01000000,700.83076000,1774022399999999,48892823.97451680,31050,399.57896000,27873604.36874190,0
1774022400000000,69845.01000000,70100.81000000,69595.35000000,69816.80000000,228.64854000,1774025999999999,15982929.37648560,19734,102.59174000,7170041.92150790,0
1774026000000000,69818.82000000,70024.48000000,69381.40000000,69991.39000000,217.07684000,1774029599999999,15136412.04141840,19521,116.86091000,8152756.96504510,0
1774029600000000,69997.65000000,70063.54000000,69515.71000000,69755.20000000,266.40506000,1774033199999999,18598716.67229680,20331,159.76645000,11157806.74310120,0
1774033200000000,69755.20000000,70180.26000000,69652.80000000,70174.89000000,186.37684000,1774036799999999,13034579.49867010,14949,94.81284000,6630666.86974680,0
1774036800000000,70172.99000000,70245.82000000,69733.33000000,70048.36000000,156.89651000,1774040399999999,10984613.27280890,13644,70.36819000,4926515.09526480,0
1774040400000000,70048.35000000,70719.65000000,69935.57000000,70535.28000000,246.25811000,1774043999999999,17346603.84086030,18786,138.88474000,9783384.80440230,0
1774044000000000,70535.28000000,70912.11000000,70525.15000000,70760.01000000,132.28276000,1774047599999999,9362328.79997740,15456,77.71486000,5500800.06380530,0
1774047600000000,70760.01000000,70764.00000000,70421.64000000,70503.80000000,107.99081000,1774051199999999,7615458.60582920,11960,46.68511000,3292468.88093570,0
1774051200000000,70501.53000000,70814.89000000,70461.10000000,70671.01000000,71.57740000,1774054799999999,5056964.01810410,9554,44.89410000,3172338.72470740,0
1774054800000000,70673.87000000,70752.27000000,70457.14000000,70458.05000000,39.16556000,1774058399999999,2764382.21263530,6554,16.77049000,1183812.12421910,0
1774058400000000,70458.05000000,70772.25000000,70399.78000000,70727.22000000,76.82691000,1774061999999999,5419065.72814780,7059,32.28070000,2277758.77458290,0
1774062000000000,70727.22000000,70770.00000000,70616.66000000,70660.57000000,23.41161000,1774065599999999,1654581.56739730,4021,8.56787000,605464.09589020,0
1774065600000000,70655.02000000,70817.71000000,70606.07000000,70634.96000000,48.28442000,1774069199999999,3413862.97208330,6803,24.12489000,1705815.44959810,0
1774069200000000,70634.95000000,70823.29000000,70625.54000000,70698.01000000,46.38088000,1774072799999999,3280340.75960030,6027,27.34187000,1933755.02993980,0
1774072800000000,70698.01000000,70807.23000000,70685.00000000,70766.21000000,48.29933000,1774076399999999,3417442.43259870,4905,27.26513000,1929019.82085020,0
1774076400000000,70764.17000000,70877.91000000,70667.93000000,70711.20000000,44.68857000,1774079999999999,3162262.72727790,5776,22.91268000,1621189.24935780,0
1774080000000000,70711.20000000,70744.81000000,70480.01000000,70587.01000000,77.95197000,1774083599999999,5503278.38485910,7575,32.88623000,2321639.66737080,0
1774083600000000,70587.02000000,70728.00000000,70561.77000000,70653.24000000,35.87145000,1774087199999999,2534659.67094040,4819,17.69976000,1250651.82035600,0
1774087200000000,70653.25000000,70690.00000000,70548.90000000,70597.30000000,27.48837000,1774090799999999,1940690.01087780,3819,14.68622000,1036846.39422350,0
1774090800000000,70597.31000000,70647.15000000,70552.68000000,70641.03000000,18.42180000,1774094399999999,1300624.17674020,3174,10.65627000,752338.18066590,0
1774094400000000,70641.04000000,70788.47000000,70641.04000000,70702.38000000,29.06764000,1774097999999999,2055757.66560380,4547,17.68194000,1250599.69364720,0
1774098000000000,70702.39000000,70798.00000000,70686.84000000,70723.99000000,27.57201000,1774101599999999,1950191.89106820,4610,14.42156000,1020026.11020460,0
1774101600000000,70724.00000000,71093.62000000,70584.98000000,70619.84000000,132.22051000,1774105199999999,9372801.22781000,12892,66.14660000,4689082.75077170,0
1774105200000000,70617.94000000,70753.18000000,70450.00000000,70620.72000000,60.57912000,1774108799999999,4277513.97256410,8281,27.51186000,1942752.82564660,0
1774108800000000,70620.72000000,70647.15000000,70242.34000000,70295.00000000,102.38853000,1774112399999999,7213254.89462710,9241,37.88096000,2667941.02699170,0
1774112400000000,70295.00000000,70417.17000000,70195.10000000,70304.64000000,90.61800000,1774115999999999,6372170.64801590,7844,37.10977000,2610010.99862230,0
1774116000000000,70303.19000000,70520.37000000,70285.56000000,70387.90000000,54.12158000,1774119599999999,3810647.92899210,5951,37.11311000,2613062.10169060,0
1774119600000000,70385.31000000,70445.82000000,70309.45000000,70381.22000000,28.67619000,1774123199999999,2018594.42170680,4024,17.64813000,1242233.72045260,0
1774123200000000,70381.22000000,70496.79000000,70349.78000000,70450.00000000,49.29324000,1774126799999999,3472148.69131880,5186,31.14920000,2194024.94122850,0
1774126800000000,70450.01000000,70500.00000000,70251.20000000,70345.21000000,50.63053000,1774130399999999,3562915.37081020,5320,28.67929000,2018061.59449910,0
1774130400000000,70345.21000000,70385.15000000,70252.86000000,70272.01000000,141.84896000,1774133999999999,9970797.78551730,6563,61.43018000,4317750.16156380,0
1774134000000000,70272.01000000,70281.15000000,68554.38000000,68912.83000000,462.49133000,1774137599999999,32043202.83292160,43302,183.05800000,12669157.62776150,0
1774137600000000,68912.83000000,69142.30000000,68220.00000000,68941.60000000,476.52013000,1774141199999999,32766095.28442580,39299,258.69848000,17797654.65988820,0
1774141200000000,68936.11000000,69088.58000000,68753.10000000,68952.74000000,152.82915000,1774144799999999,10538128.87154040,17123,69.09750000,4765262.97721470,0
1774144800000000,68957.75000000,69407.66000000,68939.16000000,69266.92000000,160.39882000,1774148399999999,11100554.49049930,16379,88.84607000,6147412.02881940,0
1774148400000000,69268.31000000,69581.82000000,69116.21000000,69338.71000000,112.99428000,1774151999999999,7837044.45287190,12807,57.84700000,4013228.49696430,0
1774152000000000,69338.71000000,69520.99000000,69204.95000000,69343.03000000,97.88666000,1774155599999999,6788073.01961390,10141,52.84598000,3664571.98871480,0
1774155600000000,69343.03000000,69344.30000000,69136.48000000,69146.02000000,84.02975000,1774159199999999,5816367.83078840,7884,24.31177000,1682722.27459250,0
1774159200000000,69146.02000000,69238.02000000,69059.36000000,69154.72000000,101.78028000,1774162799999999,7037821.64677310,8603,39.54767000,2734530.17600070,0
1774162800000000,69154.71000000,69237.95000000,68887.42000000,68905.96000000,143.68029000,1774166399999999,9921690.32502230,11821,76.12824000,5257841.91383100,0
1774166400000000,68905.96000000,68976.00000000,68550.00000000,68793.01000000,210.99422000,1774169999999999,14507059.31107200,20304,90.12940000,6197340.30413150,0
1774170000000000,68793.01000000,68896.96000000,68573.01000000,68815.01000000,311.58358000,1774173599999999,21416548.51402160,12698,90.62038000,6229145.98997730,0
1774173600000000,68815.00000000,68838.96000000,68579.26000000,68637.21000000,87.12120000,1774177199999999,5984022.19518480,9379,39.75187000,2730621.18960700,0
1774177200000000,68637.20000000,68682.98000000,68100.94000000,68210.00000000,249.23104000,1774180799999999,17038740.39858160,26912,94.66648000,6472431.98010900,0
1774180800000000,68210.00000000,68755.77000000,68189.59000000,68641.60000000,205.11464000,1774184399999999,14047090.28274650,20789,98.93163000,6772522.84452150,0
1774184400000000,68641.60000000,68954.24000000,68541.26000000,68698.21000000,123.09517000,1774187999999999,8465602.70623880,15898,63.98065000,4400951.55983070,0
1774188000000000,68701.25000000,68916.65000000,68536.88000000,68711.48000000,98.70544000,1774191599999999,6785432.21162830,12608,59.64711000,4099804.27056180,0
1774191600000000,68711.48000000,69009.14000000,68699.70000000,68844.25000000,141.34427000,1774195199999999,9730974.80552630,14560,75.37167000,5189579.49390830,0
1774195200000000,68846.99000000,68888.88000000,68668.67000000,68802.01000000,59.94255000,1774198799999999,4122259.57036620,9740,26.23867000,1804408.41215930,0
1774198800000000,68802.01000000,68855.43000000,68669.13000000,68670.86000000,102.53322000,1774202399999999,7051328.16674490,10081,43.54410000,2994735.59049220,0
1774202400000000,68670.85000000,68742.00000000,68337.83000000,68615.85000000,159.84960000,1774205999999999,10964283.75648600,14214,58.14498000,3987838.25238600,0
1774206000000000,68615.86000000,68624.66000000,68142.32000000,68196.91000000,170.30365000,1774209599999999,11637243.98993240,14142,58.08103000,3968353.32396420,0
1774209600000000,68196.92000000,68497.60000000,68071.77000000,68170.22000000,130.89657000,1774213199999999,8936831.24030950,14721,61.99740000,4234033.01998250,0
1774213200000000,68170.21000000,68229.46000000,67347.05000000,67894.54000000,439.53715000,1774216799999999,29771338.96346320,43751,198.21550000,13425221.64560420,0
1774216800000000,67894.55000000,68395.37000000,67562.64000000,68332.20000000,250.43963000,1774220399999999,17048029.54287700,23277,135.92572000,9253424.77502290,0
1774220400000000,68335.25000000,68467.82000000,67832.22000000,67856.40000000,160.32601000,1774223999999999,10923573.81288150,16164,68.51075000,4670254.79609000,0
1774224000000000,67853.36000000,68148.14000000,67438.56000000,67661.01000000,240.48853000,1774227599999999,16308319.40869380,21803,103.94427000,7050807.44450800,0
1774227600000000,67661.01000000,68146.85000000,67528.93000000,67902.30000000,167.76728000,1774231199999999,11397872.83882000,17143,90.95417000,6178439.94739260,0
1774231200000000,67902.30000000,68395.37000000,67796.61000000,68309.24000000,155.77013000,1774234799999999,10611262.67093840,13903,83.10920000,5661557.59544180,0
1774234800000000,68309.23000000,68580.35000000,68051.60000000,68062.52000000,121.16676000,1774238399999999,8275507.34035670,11704,42.03997000,2871526.48954810,0
1774238400000000,68064.01000000,68539.51000000,68037.09000000,68526.47000000,86.75042000,1774241999999999,5927053.15841560,7016,54.91957000,3753007.78954870,0
1774242000000000,68526.48000000,68888.87000000,68526.48000000,68888.80000000,224.13459000,1774245599999999,15399850.32995420,14674,109.65390000,7534435.96703270,0
1774245600000000,68888.80000000,68888.80000000,67680.53000000,67862.60000000,326.52464000,1774249199999999,22279412.97892770,32222,105.33672000,7184971.28030090,0
1774249200000000,67862.61000000,68443.18000000,67489.64000000,68316.95000000,355.28888000,1774252799999999,24160327.83872430,29897,187.62917000,12766116.86905630,0
1774252800000000,68320.00000000,68679.79000000,68313.19000000,68417.57000000,274.38069000,1774256399999999,18799245.44316540,22295,138.96640000,9521093.43037090,0
1774256400000000,68415.97000000,68456.15000000,67900.01000000,68320.00000000,146.65786000,1774259999999999,9999312.41221620,19380,59.54712000,4060136.91706650,0
1774260000000000,68320.00000000,68710.03000000,68282.76000000,68534.41000000,188.60549000,1774263599999999,12916826.09076380,23128,87.21290000,5971882.82451860,0
1774263600000000,68534.41000000,71486.97000000,68496.57000000,70108.50000000,2192.83784000,1774267199999999,154689083.60724330,150256,1104.06880000,77877030.42092020,0
1774267200000000,70108.49000000,70858.28000000,69650.00000000,70732.74000000,513.36015000,1774270799999999,36067620.90767640,45527,252.70336000,17762435.94148330,0
1774270800000000,70732.75000000,71578.90000000,70580.19000000,71467.00000000,511.99458000,1774274399999999,36379583.48777110,45450,256.32869000,18218947.07340580,0
1774274400000000,71469.59000000,71798.42000000,71099.58000000,71436.75000000,562.70752000,1774277999999999,40233595.75843190,37874,220.32022000,15749726.82818790,0
1774278000000000,71436.76000000,71652.17000000,70096.31000000,70119.59000000,497.88559000,1774281599999999,35282723.38956600,40068,202.23506000,14332383.57960790,0
1774281600000000,70119.07000000,70741.18000000,70119.07000000,70551.25000000,357.17833000,1774285199999999,25137285.94032000,36627,189.85581000,13363382.82727790,0
1774285200000000,70551.25000000,71102.73000000,70338.53000000,71070.38000000,151.08065000,1774288799999999,10694534.23949280,24056,87.65881000,6206327.39830730,0
1774288800000000,71070.39000000,71179.48000000,70852.03000000,71064.09000000,196.40768000,1774292399999999,13952742.73883480,18858,89.25675000,6342409.58473280,0
1774292400000000,71062.75000000,71234.99000000,70631.57000000,70664.00000000,169.33342000,1774295999999999,12011901.08826860,15391,79.34254000,5630231.85621250,0
1774296000000000,70661.46000000,70968.76000000,70540.79000000,70903.45000000,97.21223000,1774299599999999,6880197.76276390,10059,53.11456000,3759680.52486020,0
1774299600000000,70903.46000000,70993.00000000,70802.03000000,70838.88000000,63.87050000,1774303199999999,4528879.80876490,7646,25.21885000,1788406.28598370,0
1774303200000000,70838.89000000,70884.00000000,70500.00000000,70765.30000000,98.77537000,1774306799999999,6979940.81943340,13078,44.00560000,3109420.24420500,0
1774306800000000,70764.07000000,70979.98000000,70386.40000000,70885.59000000,109.11845000,1774310399999999,7714302.72949970,15625,50.03858000,3538429.10935160,0
1774310400000000,70885.59000000,71080.00000000,70405.90000000,70667.05000000,178.44285000,1774313999999999,12628387.41723480,20500,85.78310000,6072112.10190130,0
1774314000000000,70667.05000000,70873.73000000,70264.70000000,70496.84000000,144.17733000,1774317599999999,10177241.18828920,16698,67.16090000,4742745.62624240,0
1774317600000000,70497.65000000,70681.03000000,70352.79000000,70434.60000000,114.19491000,1774321199999999,8051184.97989650,14750,60.22318000,4246316.01128110,0
1774321200000000,70433.01000000,70566.70000000,70383.73000000,70521.00000000,86.52367000,1774324799999999,6098297.28030540,10356,48.51410000,3419260.57226720,0
1774324800000000,70523.75000000,70726.10000000,70240.02000000,70355.14000000,143.77684000,1774328399999999,10133281.78882330,12048,62.10006000,4376249.16992760,0
1774328400000000,70355.14000000,70364.24000000,70101.39000000,70265.25000000,164.30521000,1774331999999999,11536791.09165050,14234,71.82999000,5043379.52973670,0
1774332000000000,70265.25000000,70560.88000000,70235.01000000,70522.12000000,120.38767000,1774335599999999,8475026.64870540,12386,55.73170000,3923055.58570880,0
1774335600000000,70522.13000000,71396.01000000,70467.00000000,71283.56000000,241.82892000,1774339199999999,17149498.60328800,21953,146.42261000,10383136.50574390,0
1774339200000000,71282.99000000,71336.69000000,70842.23000000,70951.63000000,171.04531000,1774342799999999,12145692.74473230,15102,73.83345000,5242536.90569810,0
1774342800000000,70951.63000000,71357.93000000,70840.80000000,71313.94000000,105.83166000,1774346399999999,7522357.90822350,10491,65.95249000,4687339.37585220,0
1774346400000000,71313.95000000,71321.00000000,71079.01000000,71259.84000000,121.67052000,1774349999999999,8662628.95802160,10436,47.55608000,3386283.27795740,0
1774350000000000,71259.84000000,71317.81000000,70950.45000000,71145.72000000,139.15125000,1774353599999999,9896463.37849770,13643,74.91933000,5330093.91538930,0
1774353600000000,71145.72000000,71172.52000000,70848.82000000,70946.01000000,74.11165000,1774357199999999,5260944.62275650,13713,38.36955000,2723525.36987160,0
1774357200000000,70946.01000000,71053.29000000,69960.42000000,70089.00000000,442.50717000,1774360799999999,31163415.76918820,40389,199.07253000,14019696.52608730,0
1774360800000000,70089.00000000,70446.40000000,69484.66000000,69850.01000000,527.60145000,1774364399999999,36878415.84095640,43854,222.44344000,15549029.31633990,0
1774364400000000,69853.30000000,70252.39000000,69757.67000000,69860.28000000,499.37605000,1774367999999999,34956146.28747600,33422,216.92403000,15188070.39926270,0
1774368000000000,69857.01000000,69989.53000000,69323.15000000,69458.07000000,289.54067000,1774371599999999,20171978.98158050,25965,126.02569000,8780213.09016710,0
1774371600000000,69459.63000000,69495.74000000,68891.26000000,69215.37000000,375.06693000,1774375199999999,25933815.08013320,31072,183.74782000,12705882.62851660,0
1774375200000000,69215.38000000,69722.93000000,69142.01000000,69406.00000000,282.63463000,1774378799999999,19616612.14180780,23146,140.78063000,9770352.32436300,0
1774378800000000,69406.00000000,69683.44000000,69249.08000000,69344.76000000,161.22201000,1774382399999999,11199709.18216060,15675,74.81168000,5195929.06397880,0
1774382400000000,69344.75000000,70274.54000000,69261.87000000,70067.43000000,281.83102000,1774385999999999,19710384.40262580,29167,158.70177000,11101324.95985540,0
1774386000000000,70071.01000000,70386.42000000,69875.45000000,70304.41000000,148.12014000,1774389599999999,10387285.23302800,15653,77.81237000,5457432.47838840,0
1774389600000000,70302.84000000,70560.00000000,70108.23000000,70288.73000000,175.62589000,1774393199999999,12353260.05730150,17662,82.94146000,5834460.83712590,0
1774393200000000,70288.74000000,70814.80000000,70240.28000000,70541.95000000,240.45408000,1774396799999999,16976956.20334420,16284,120.76132000,8525220.88683160,0
1774396800000000,70536.78000000,71031.85000000,70448.01000000,70817.01000000,167.63722000,1774400399999999,11864172.86804160,18153,93.48341000,6617360.42845310,0
1774400400000000,70817.01000000,70953.33000000,70601.16000000,70654.72000000,194.18312000,1774403999999999,13737256.12725870,16633,50.48862000,3572261.18630200,0
1774404000000000,70658.16000000,70743.17000000,70475.71000000,70507.64000000,132.95578000,1774407599999999,9384117.56920350,13086,49.94849000,3526076.09092360,0
1774407600000000,70507.63000000,70785.69000000,70391.69000000,70696.59000000,153.34505000,1774411199999999,10822759.91567230,14741,61.30769000,4328444.89256210,0
1774411200000000,70696.58000000,70958.99000000,70678.27000000,70945.91000000,84.20104000,1774414799999999,5961273.05314170,9735,47.04298000,3330583.99020870,0
1774414800000000,70945.91000000,71320.98000000,70916.57000000,71096.20000000,228.97380000,1774418399999999,16295322.01840320,16701,107.24666000,7632799.54720330,0
1774418400000000,71096.20000000,71256.96000000,70964.41000000,70973.54000000,165.20243000,1774421999999999,11749923.04974790,13467,68.56817000,4878655.53290400,0
1774422000000000,70974.24000000,71263.62000000,70872.96000000,70917.03000000,173.49261000,1774425599999999,12328081.24230910,12702,59.56365000,4231118.13797130,0
1774425600000000,70917.04000000,71500.00000000,70782.77000000,71233.35000000,292.04145000,1774429199999999,20803993.67690680,21475,147.51003000,10514491.98076330,0
1774429200000000,71233.35000000,71409.14000000,71088.41000000,71339.49000000,147.02767000,1774432799999999,10478959.85679940,13393,59.43096000,4235946.77341780,0
1774432800000000,71339.50000000,71639.63000000,71289.24000000,71495.46000000,226.21265000,1774436399999999,16161273.36268400,14377,119.75319000,8554394.47833560,0
1774436400000000,71495.46000000,72020.81000000,71460.84000000,71681.02000000,295.12109000,1774439999999999,21181184.30568410,22653,141.65070000,10167577.29048650,0
1774440000000000,71681.02000000,71952.23000000,71123.89000000,71718.54000000,347.22585000,1774443599999999,24824983.73441710,29761,182.09828000,13019924.93549210,0
1774443600000000,71719.86000000,71959.17000000,71504.00000000,71575.43000000,272.48632000,1774447199999999,19548305.08323510,25092,126.68823000,9090941.15554850,0
1774447200000000,71575.44000000,71691.81000000,71227.41000000,71231.01000000,335.49495000,1774450799999999,23959852.72377590,26706,124.02217000,8855981.27603380,0
1774450800000000,71231.01000000,71302.89000000,70566.00000000,70824.35000000,402.85347000,1774454399999999,28561490.23623580,30899,170.00134000,12050182.19926280,0
1774454400000000,70821.79000000,71748.28000000,70717.50000000,71316.04000000,318.72103000,1774457999999999,22716124.85755420,29819,186.61223000,13298527.14038830,0
1774458000000000,71316.05000000,71384.63000000,70707.93000000,70769.72000000,215.31336000,1774461599999999,15285768.84583890,21969,98.80303000,7012657.04711580,0
1774461600000000,70769.72000000,71144.56000000,70664.40000000,70802.60000000,159.83535000,1774465199999999,11328535.40167010,14934,102.34306000,7252911.09488580,0
1774465200000000,70802.59000000,71082.39000000,70761.37000000,70872.54000000,122.00797000,1774468799999999,8650328.53024620,14331,73.02552000,5177470.66176180,0
1774468800000000,70872.55000000,71054.60000000,70631.58000000,70995.15000000,141.71584000,1774472399999999,10034483.14602540,10510,60.53861000,4287199.34967550,0
1774472400000000,70995.15000000,71169.33000000,70936.01000000,71017.82000000,92.00874000,1774475999999999,6535397.53783850,8481,45.03645000,3198777.65024900,0
1774476000000000,71017.83000000,71583.36000000,70930.02000000,71362.98000000,145.51806000,1774479599999999,10369060.81337890,16043,87.72307000,6251485.78296510,0
1774479600000000,71362.98000000,71436.32000000,71174.41000000,71316.48000000,74.93580000,1774483199999999,5344781.15201050,9242,40.41291000,2882396.84854290,0
1774483200000000,71319.33000000,71422.49000000,71121.26000000,71282.40000000,120.13950000,1774486799999999,8563219.08232520,12533,48.82180000,3480074.23251470,0
1774486800000000,71282.41000000,71353.03000000,71131.76000000,71220.12000000,273.37033000,1774490399999999,19483825.87786260,13114,137.47619000,9800362.52699090,0
1774490400000000,71220.12000000,71266.98000000,70660.91000000,70851.78000000,342.25353000,1774493999999999,24251424.11390230,17644,158.31885000,11212640.84794600,0
1774494000000000,70862.99000000,70953.32000000,70663.96000000,70885.38000000,72.16300000,1774497599999999,5110258.53962200,8179,27.88731000,1974808.09382430,0
1774497600000000,70884.93000000,70884.93000000,70694.11000000,70750.84000000,62.17435000,1774501199999999,4401551.44192820,7217,22.72709000,1608854.56350210,0
1774501200000000,70750.83000000,70773.36000000,69918.33000000,69991.02000000,254.84819000,1774504799999999,17922301.56144250,24499,83.13932000,5847355.25023230,0
1774504800000000,69991.01000000,70134.46000000,69833.69000000,70071.02000000,206.96504000,1774508399999999,14489076.97569270,19094,111.58223000,7811771.85149650,0
1774508400000000,70071.02000000,70149.77000000,69782.97000000,70074.00000000,133.40571000,1774511999999999,9338982.52632960,14495,73.84443000,5170023.77148160,0
1774512000000000,70074.00000000,70118.99000000,69785.95000000,70004.56000000,176.68019000,1774515599999999,12353142.69465700,16203,97.45360000,6813106.66056730,0
1774515600000000,70004.56000000,70132.64000000,69391.67000000,69555.45000000,525.04672000,1774519199999999,36608124.89612050,30437,188.22921000,13115786.47463850,0
1774519200000000,69555.45000000,69701.93000000,69440.00000000,69494.29000000,143.22492000,1774522799999999,9962271.97515760,14875,69.25242000,4817543.30385210,0
1774522800000000,69494.30000000,69635.72000000,69166.00000000,69255.02000000,204.10176000,1774526399999999,14162094.52108170,18416,81.36657000,5645313.22359870,0
1774526400000000,69255.02000000,69445.84000000,69208.67000000,69412.94000000,333.29103000,1774529999999999,23109344.03329990,14700,160.08851000,11102434.13715380,0
1774530000000000,69412.94000000,69864.62000000,69189.54000000,69625.70000000,586.63425000,1774533599999999,40779752.13901670,29267,355.44178000,24711624.93871740,0
1774533600000000,69629.63000000,69817.83000000,69228.97000000,69461.35000000,251.14507000,1774537199999999,17467198.57465080,24998,129.94736000,9039758.71458120,0
1774537200000000,69456.00000000,69473.77000000,68620.59000000,69062.00000000,484.85860000,1774540799999999,33450021.93753730,47018,220.26804000,15194820.42516080,0
1774540800000000,69055.29000000,69055.29000000,68796.03000000,68897.99000000,189.53110000,1774544399999999,13063890.05861940,17928,85.29087000,5878757.48868420,0
1774544400000000,68897.99000000,69138.50000000,68322.01000000,68455.60000000,259.61929000,1774547999999999,17836738.24474830,23728,111.84165000,7684925.39868360,0
1774548000000000,68455.59000000,68575.32000000,68124.01000000,68467.31000000,413.08591000,1774551599999999,28225042.02896480,33073,185.80439000,12696449.84502970,0
1774551600000000,68467.31000000,68656.69000000,68325.55000000,68503.04000000,173.54261000,1774555199999999,11887187.52992480,13876,105.36151000,7216992.92631370,0
1774555200000000,68505.11000000,69451.56000000,68399.66000000,68975.80000000,503.94389000,1774558799999999,34810448.90292320,38163,279.04124000,19272897.72510620,0
1774558800000000,68972.40000000,69171.96000000,68844.32000000,68890.81000000,149.39725000,1774562399999999,10304298.80248510,13172,83.24013000,5741507.95754090,0
1774562400000000,68890.81000000,69003.81000000,68567.78000000,68860.20000000,135.68405000,1774565999999999,9334476.23130240,14069,63.46772000,4366635.22054100,0
1774566000000000,68862.44000000,68962.20000000,68605.94000000,68788.81000000,117.55215000,1774569599999999,8081472.27344240,13298,48.44483000,3331157.60856350,0
1774569600000000,68788.81000000,68933.33000000,68486.40000000,68751.40000000,139.87346000,1774573199999999,9611848.05533520,15418,61.31534000,4214457.75663240,0
1774573200000000,68750.77000000,69044.15000000,68669.05000000,69022.06000000,80.09410000,1774576799999999,5514631.65843580,10783,42.81111000,2947877.43446760,0
1774576800000000,69023.40000000,69142.84000000,68834.70000000,68877.20000000,63.92154000,1774580399999999,4409208.12410100,8166,28.79919000,1985781.15765600,0
1774580400000000,68877.21000000,68895.78000000,68646.07000000,68741.21000000,72.18774000,1774583999999999,4963637.33089720,8006,35.40667000,2434389.50025660,0
1774584000000000,68741.21000000,68764.96000000,68278.68000000,68548.16000000,138.24817000,1774587599999999,9467625.97143300,14067,64.05150000,4386277.40321840,0
1774587600000000,68548.16000000,68836.05000000,68483.33000000,68597.47000000,101.58064000,1774591199999999,6970749.81421090,12003,60.05518000,4121571.35574320,0
1774591200000000,68597.48000000,68819.39000000,68537.61000000,68633.00000000,90.63062000,1774594799999999,6225712.90101390,9377,54.37792000,3734827.71863940,0
1774594800000000,68633.00000000,68933.32000000,68423.92000000,68508.31000000,171.30109000,1774598399999999,11762614.94239760,16707,87.08308000,5980892.39374010,0
1774598400000000,68510.00000000,68608.76000000,67568.92000000,67898.00000000,475.07990000,1774601999999999,32317530.53332400,36297,209.53821000,14250586.46567450,0
1774602000000000,67894.61000000,67932.33000000,67528.34000000,67666.81000000,247.10994000,1774605599999999,16743495.72670370,17529,103.27298000,6998683.57449350,0
1774605600000000,67666.81000000,67752.09000000,66305.43000000,66478.51000000,813.12475000,1774609199999999,54460571.10308560,56693,372.59299000,24926919.32442280,0
1774609200000000,66478.51000000,66832.36000000,66222.68000000,66685.17000000,480.66831000,1774612799999999,31978153.56183920,32542,327.31592000,21770646.46126790,0
1774612800000000,66685.17000000,66758.96000000,66412.96000000,66600.01000000,314.01538000,1774616399999999,20912007.08528780,24903,167.85841000,11178079.11428630,0
1774616400000000,66600.01000000,66711.65000000,66000.06000000,66165.02000000,468.77007000,1774619999999999,31125417.81753610,36907,224.90670000,14942857.99910810,0
1774620000000000,66165.02000000,66382.23000000,65700.88000000,66175.45000000,579.47775000,1774623599999999,38288103.79442010,44687,352.06494000,23273517.49690320,0
1774623600000000,66175.01000000,66611.74000000,65937.61000000,66085.03000000,627.17198000,1774627199999999,41564530.19297880,41005,290.51557000,19259857.69421890,0
1774627200000000,66085.03000000,66150.43000000,65774.58000000,65953.21000000,321.36629000,1774630799999999,21184657.15397600,29520,163.89658000,10804270.38199080,0
1774630800000000,65953.21000000,66261.38000000,65567.00000000,65602.66000000,376.01342000,1774634399999999,24774128.10037860,33961,174.30779000,11488697.37828630,0
1774634400000000,65602.65000000,65923.59000000,65505.00000000,65802.65000000,201.66317000,1774637999999999,13251959.13468290,22474,108.26377000,7115612.98538680,0
1774638000000000,65802.65000000,66111.11000000,65661.51000000,66003.01000000,220.14949000,1774641599999999,14511710.99736810,19556,143.28691000,9445476.06490900,0
1774641600000000,66000.01000000,66116.66000000,65773.24000000,65980.55000000,145.27273000,1774645199999999,9581405.79133310,13280,71.56876000,4720546.82149660,0
1774645200000000,65980.55000000,66152.84000000,65967.87000000,66048.12000000,75.53188000,1774648799999999,4990673.88107970,8940,42.02325000,2776605.66508610,0
1774648800000000,66048.12000000,66055.76000000,65877.41000000,65985.80000000,89.69500000,1774652399999999,5917061.26808610,8397,48.95702000,3229326.82543210,0
1774652400000000,65985.80000000,66387.75000000,65931.95000000,66370.62000000,103.99289000,1774655999999999,6880590.14721970,11045,58.98815000,3902931.69059970,0
1774656000000000,66370.62000000,66485.28000000,66254.13000000,66394.00000000,111.67070000,1774659599999999,7412060.66628490,11852,66.52087000,4415066.05232080,0
1774659600000000,66394.00000000,66394.00000000,66020.56000000,66140.32000000,103.19456000,1774663199999999,6827722.11987830,10645,50.46138000,3338486.34703080,0
1774663200000000,66145.68000000,66225.20000000,65897.88000000,66018.31000000,87.49769000,1774666799999999,5778664.89794900,8701,36.85875000,2434700.61952780,0
1774666800000000,66019.69000000,66216.55000000,66019.69000000,66195.21000000,50.97029000,1774670399999999,3371325.73095330,5483,32.89236000,2175516.96318840,0
1774670400000000,66195.21000000,66269.83000000,66075.30000000,66252.14000000,48.21155000,1774673999999999,3191318.14473290,5876,30.12020000,1994052.87116660,0
1774674000000000,66254.01000000,66355.04000000,66165.13000000,66311.55000000,70.95658000,1774677599999999,4702887.84375310,6031,40.88355000,2709851.50138940,0
1774677600000000,66312.14000000,66464.58000000,66270.32000000,66358.87000000,83.09833000,1774681199999999,5516741.33980540,8481,41.85921000,2778654.09663900,0
1774681200000000,66358.88000000,66538.42000000,66351.49000000,66524.91000000,71.66835000,1774684799999999,4761194.41873770,7669,50.23408000,3337397.08381330,0
1774684800000000,66524.91000000,66531.91000000,66358.75000000,66389.71000000,183.16909000,1774688399999999,12171709.49670250,8066,145.02637000,9637076.55942740,0
1774688400000000,66389.70000000,66389.70000000,66203.86000000,66273.05000000,273.27784000,1774691999999999,18120471.83616260,12570,96.13970000,6375005.33020210,0
1774692000000000,66273.04000000,66377.28000000,66090.90000000,66185.51000000,51.68635000,1774695599999999,3421694.14487390,7899,24.81580000,1642961.56561600,0
1774695600000000,66185.50000000,66325.90000000,66161.31000000,66289.37000000,185.25706000,1774699199999999,12273010.32053090,6540,83.66134000,5541167.67444760,0
1774699200000000,66289.37000000,66500.00000000,66200.33000000,66423.45000000,138.73823000,1774702799999999,9200666.43817370,8491,53.47654000,3550018.30758330,0
1774702800000000,66423.46000000,67142.49000000,66366.27000000,66808.99000000,418.69250000,1774706399999999,27909404.38142970,25287,211.80322000,14125655.32855160,0
1774706400000000,66809.00000000,66934.99000000,66627.15000000,66712.04000000,126.70629000,1774709999999999,8462228.57222910,15415,70.79292000,4728484.49159010,0
1774710000000000,66712.04000000,67258.06000000,66681.72000000,66981.14000000,224.20207000,1774713599999999,15035811.71493520,18026,108.24857000,7258947.24388530,0
1774713600000000,66978.59000000,67066.63000000,66817.58000000,66893.49000000,84.40299000,1774717199999999,5651522.08245500,10830,47.50179000,3181050.27166900,0
1774717200000000,66893.49000000,66961.99000000,66662.50000000,66807.43000000,94.66327000,1774720799999999,6322529.38956420,9370,40.99090000,2738149.85096850,0
1774720800000000,66807.44000000,66921.72000000,66796.87000000,66880.55000000,519.83466000,1774724399999999,34759189.71140450,9767,258.93742000,17311845.15343090,0
1774724400000000,66880.56000000,66923.07000000,66763.24000000,66874.57000000,302.04441000,1774727999999999,20190233.05932620,7712,128.50690000,8590613.69396440,0
1774728000000000,66874.57000000,66970.51000000,66866.79000000,66880.21000000,142.93007000,1774731599999999,9565804.76974790,7845,65.80626000,4405202.15942110,0
1774731600000000,66879.22000000,66887.44000000,66553.18000000,66642.43000000,241.74065000,1774735199999999,16145922.45578130,9207,109.96404000,7344988.79216510,0
1774735200000000,66642.43000000,66760.68000000,66558.13000000,66717.91000000,193.60281000,1774738799999999,12914672.44313860,9265,118.32063000,7893501.70927170,0
1774738800000000,66717.90000000,66717.91000000,66239.58000000,66343.01000000,129.99258000,1774742399999999,8628653.12589990,12219,45.06154000,2991712.17315960,0
1774742400000000,66342.86000000,66473.93000000,66247.45000000,66449.50000000,66.27660000,1774745999999999,4399779.02062670,7751,39.47534000,2620634.11167680,0
1774746000000000,66449.50000000,66586.31000000,66352.94000000,66530.99000000,74.05127000,1774749599999999,4924209.95144440,6596,41.49643000,2759526.35052800,0
1774749600000000,66531.00000000,66830.00000000,66501.37000000,66772.52000000,65.05989000,1774753199999999,4336544.63561330,6804,43.95935000,2930313.75046060,0
1774753200000000,66772.51000000,67089.72000000,66722.55000000,66870.27000000,103.99249000,1774756799999999,6956637.56292450,7355,65.37853000,4373423.73414990,0
1774756800000000,66870.27000000,66900.38000000,66680.20000000,66700.74000000,55.00649000,1774760399999999,3675592.78077090,4828,34.48157000,2304713.87937180,0
1774760400000000,66700.73000000,66792.40000000,66562.86000000,66731.71000000,58.36571000,1774763999999999,3891032.84947680,6226,30.80903000,2054007.03783360,0
1774764000000000,66731.72000000,66838.60000000,66600.00000000,66699.38000000,47.29242000,1774767599999999,3155164.46663510,5823,20.60127000,1374427.66456470,0
1774767600000000,66697.80000000,66708.03000000,66516.96000000,66628.01000000,317.31982000,1774771199999999,21141485.74055420,7481,117.00206000,7794156.96692680,0
1774771200000000,66628.00000000,66734.36000000,66551.25000000,66685.03000000,269.33700000,1774774799999999,17960657.31223130,6913,112.46557000,7498235.82394350,0
1774774800000000,66685.03000000,66738.32000000,66501.11000000,66588.77000000,282.04849000,1774778399999999,18798667.15380950,7267,127.89093000,8523124.65591850,0
1774778400000000,66588.77000000,66588.77000000,66365.77000000,66464.32000000,348.07291000,1774781999999999,23136486.51580910,11160,170.34383000,11321448.64294930,0
1774782000000000,66464.32000000,66963.54000000,66464.32000000,66781.61000000,245.80412000,1774785599999999,16413018.59986820,10377,129.50968000,8647006.72002250,0
1774785600000000,66781.62000000,66833.38000000,66659.45000000,66811.01000000,307.03285000,1774789199999999,20493565.79071800,7917,126.41179000,8436306.14842770,0
1774789200000000,66811.01000000,66836.35000000,66484.44000000,66545.83000000,84.35043000,1774792799999999,5618204.20067780,9558,36.68371000,2443689.74313460,0
1774792800000000,66545.83000000,66757.58000000,66421.65000000,66554.12000000,100.93169000,1774796399999999,6714736.17265260,9911,43.81942000,2915558.92223500,0
1774796400000000,66554.13000000,66690.33000000,66283.40000000,66490.67000000,122.33827000,1774799999999999,8133852.56591900,12253,64.95172000,4318622.49585690,0
1774800000000000,66490.68000000,66632.55000000,66392.81000000,66456.96000000,67.44007000,1774803599999999,4485740.78637930,9089,33.89989000,2255052.72603460,0
1774803600000000,66456.96000000,66506.68000000,66106.41000000,66348.47000000,105.99344000,1774807199999999,7025796.21833870,11156,49.95589000,3311485.63679210,0
1774807200000000,66348.46000000,66499.32000000,66270.32000000,66385.12000000,46.81156000,1774810799999999,3107624.10170280,7032,25.40657000,1686726.62850840,0
1774810800000000,66385.12000000,66448.12000000,66280.35000000,66316.11000000,428.92323000,1774814399999999,28472772.10574570,11015,197.69097000,13121504.76266080,0
1774814400000000,66316.01000000,66755.80000000,66310.48000000,66574.58000000,237.75756000,1774817999999999,15827205.36538850,13631,125.57984000,8359507.07456350,0
1774818000000000,66574.58000000,66720.78000000,66471.17000000,66671.85000000,275.30102000,1774821599999999,18334102.88147480,10075,107.82219000,7181123.66073940,0
1774821600000000,66671.77000000,66678.42000000,64948.55000000,65823.32000000,602.07267000,1774825199999999,39455476.87069910,49950,268.34011000,17585394.40015040,0
1774825200000000,65823.33000000,66342.84000000,65819.74000000,65974.55000000,270.94403000,1774828799999999,17887953.92438320,25244,129.96808000,8582192.99659420,0
1774828800000000,65977.66000000,67039.28000000,65760.40000000,66244.16000000,397.21849000,1774832399999999,26411227.45286100,37059,218.72097000,14545496.49576530,0
1774832400000000,66247.00000000,66800.60000000,66247.00000000,66612.63000000,166.61955000,1774835999999999,11084430.80856910,15201,91.67130000,6097401.85346460,0
1774836000000000,66615.70000000,67445.13000000,66538.47000000,67082.35000000,307.97281000,1774839599999999,20634427.38801940,20144,160.78092000,10771978.37308750,0
1774839600000000,67080.32000000,67275.05000000,66940.50000000,67128.94000000,130.53538000,1774843199999999,8760952.84744520,11544,66.77808000,4482028.98671920,0
1774843200000000,67128.94000000,67613.00000000,67122.92000000,67576.19000000,261.95230000,1774846799999999,17660854.49576700,19622,164.84859000,11114573.88974460,0
1774846800000000,67576.20000000,67771.91000000,67400.00000000,67454.81000000,350.19291000,1774850399999999,23665841.80028940,24814,200.54375000,13553694.91218580,0
1774850400000000,67454.81000000,67546.58000000,67244.73000000,67270.07000000,218.62516000,1774853999999999,14725262.48835840,15788,105.56476000,7112285.88204380,0
1774854000000000,67267.35000000,67595.87000000,67189.31000000,67592.68000000,270.25545000,1774857599999999,18210422.52472200,14594,175.08483000,11799111.73639750,0
1774857600000000,67589.81000000,67897.70000000,67570.02000000,67630.27000000,442.29045000,1774861199999999,29963143.39756270,25719,299.59265000,20294887.05990550,0
1774861200000000,67630.27000000,67661.22000000,67416.44000000,67462.83000000,132.13503000,1774864799999999,8922730.15900590,10001,53.92718000,3640767.31218980,0
1774864800000000,67462.83000000,67481.92000000,67322.16000000,67453.44000000,86.61322000,1774868399999999,5838827.69235480,9261,44.57937000,3005233.34808160,0
1774868400000000,67453.45000000,67969.31000000,67447.02000000,67638.26000000,209.00024000,1774871999999999,14142523.21278800,15843,107.10271000,7247747.94224280,0
1774872000000000,67640.76000000,67944.29000000,67620.88000000,67861.60000000,179.27820000,1774875599999999,12163078.53664000,14575,92.57602000,6280370.94365210,0
1774875600000000,67861.60000000,68152.47000000,67400.00000000,67491.85000000,337.32118000,1774879199999999,22878628.94590960,27221,145.12911000,9848432.72742030,0
1774879200000000,67495.24000000,67837.25000000,67059.02000000,67767.41000000,391.19205000,1774882799999999,26358419.28476850,36204,224.75371000,15145790.52674700,0
1774882800000000,67767.40000000,67871.74000000,67380.55000000,67604.64000000,220.49621000,1774886399999999,14916752.84810770,22715,110.36657000,7468809.92116790,0
1774886400000000,67600.44000000,67620.38000000,67192.29000000,67338.23000000,124.18934000,1774889999999999,8364945.59234290,13330,56.51018000,3806073.53875570,0
1774890000000000,67335.88000000,67444.52000000,66612.29000000,66798.50000000,256.98590000,1774893599999999,17196185.18915360,27745,122.90791000,8224046.89980160,0
1774893600000000,66798.50000000,66892.55000000,66474.50000000,66620.46000000,168.90078000,1774897199999999,11259233.48259080,14752,74.75344000,4983984.17835550,0
1774897200000000,66615.13000000,66629.42000000,66202.36000000,66510.85000000,201.18245000,1774900799999999,13351411.42619010,21422,98.28761000,6523275.04245940,0
1774900800000000,66512.56000000,66660.00000000,66486.42000000,66614.58000000,204.56305000,1774904399999999,13622462.63071520,14545,108.22973000,7207283.12525290,0
1774904400000000,66614.58000000,66962.22000000,66549.35000000,66775.21000000,164.93374000,1774907999999999,11009072.71286470,14472,96.01373000,6409675.79194690,0
1774908000000000,66775.06000000,66964.26000000,66648.33000000,66748.28000000,63.40111000,1774911599999999,4233232.89681840,10106,32.69416000,2182913.67124850,0
1774911600000000,66748.27000000,66761.95000000,66375.00000000,66761.95000000,109.16715000,1774915199999999,7267461.20097610,13883,52.09326000,3468655.02808230,0
1774915200000000,66761.96000000,67287.67000000,66509.31000000,67175.68000000,139.37821000,1774918799999999,9321634.21725540,17526,64.68132000,4326074.65452940,0
1774918800000000,67178.53000000,68385.98000000,67012.98000000,67904.98000000,383.60534000,1774922399999999,26042752.03310190,33697,197.27014000,13390443.51991700,0
1774922400000000,67902.13000000,68067.99000000,67740.00000000,67915.33000000,85.86871000,1774925999999999,5833614.92999510,11092,37.27676000,2532495.92200290,0
1774926000000000,67915.33000000,67974.10000000,67610.93000000,67672.41000000,62.08035000,1774929599999999,4206776.59125310,8994,25.41657000,1722497.83449130,0
1774929600000000,67672.41000000,67835.00000000,67459.89000000,67515.19000000,152.76368000,1774933199999999,10328983.65556220,13745,66.38580000,4488952.81899690,0
1774933200000000,67515.19000000,67749.25000000,67359.06000000,67646.76000000,140.20457000,1774936799999999,9474387.82548360,13193,73.24904000,4949582.29296290,0
1774936800000000,67646.77000000,67673.32000000,67292.94000000,67458.83000000,245.81385000,1774940399999999,16578389.47791630,20253,65.27527000,4403205.47908060,0
1774940400000000,67458.83000000,67490.27000000,67058.56000000,67327.44000000,291.92153000,1774943999999999,19637510.79916260,22071,87.44986000,5882025.63467350,0
1774944000000000,67327.45000000,67465.46000000,66638.49000000,66739.12000000,389.16753000,1774947599999999,26098376.78010310,26944,124.93549000,8377937.07339590,0
1774947600000000,66736.17000000,66883.48000000,65950.00000000,66087.91000000,511.65603000,1774951199999999,33986668.73455000,39648,171.69121000,11410597.91249240,0
1774951200000000,66087.92000000,66431.96000000,66051.26000000,66323.60000000,369.74460000,1774954799999999,24509228.37300820,31095,152.81951000,10129235.13324640,0
1774954800000000,66323.60000000,66846.21000000,66200.00000000,66645.49000000,487.04333000,1774958399999999,32415030.31746630,34382,216.27773000,14394333.58354220,0
1774958400000000,66645.50000000,66910.07000000,66478.86000000,66602.29000000,329.13732000,1774961999999999,21950976.68633560,25348,131.72016000,8784495.23046800,0
1774962000000000,66603.81000000,67375.66000000,66603.81000000,67261.45000000,503.16125000,1774965599999999,33712437.97326710,37166,233.30629000,15639423.76237720,0
1774965600000000,67258.84000000,67732.94000000,66387.23000000,66555.83000000,582.05395000,1774969199999999,39119280.52309550,46596,257.24042000,17294201.17801000,0
1774969200000000,66549.02000000,67261.54000000,66549.02000000,66698.59000000,295.21995000,1774972799999999,19770329.36999250,25538,151.73241000,10159941.15304610,0
1774972800000000,66699.54000000,67981.81000000,66699.08000000,67634.52000000,415.62629000,1774976399999999,28077503.53750370,35675,223.23304000,15079636.11755250,0
1774976400000000,67634.52000000,68559.40000000,67363.81000000,67487.21000000,607.80484000,1774979999999999,41327432.99417040,47960,346.93904000,23608229.03684520,0
1774980000000000,67487.21000000,67910.00000000,67487.21000000,67812.76000000,140.98166000,1774983599999999,9547906.51848910,16624,85.20809000,5770367.36232080,0
1774983600000000,67812.75000000,67990.00000000,67676.06000000,67793.37000000,285.08881000,1774987199999999,19346585.59212480,19790,216.50622000,14693658.06377450,0
1774987200000000,67800.91000000,68230.60000000,67790.05000000,68222.57000000,272.61881000,1774990799999999,18553080.03433070,16505,121.51328000,8269235.29721250,0
1774990800000000,68227.67000000,68376.00000000,67845.62000000,68233.66000000,236.52116000,1774994399999999,16094793.56951280,16405,116.81060000,7948642.81759390,0
1774994400000000,68233.66000000,68305.86000000,67920.31000000,68140.38000000,120.60315000,1774997999999999,8217636.98362040,10097,56.05277000,3819360.31645150,0
1774998000000000,68140.38000000,68335.66000000,68056.09000000,68240.16000000,100.58253000,1775001599999999,6861709.02659860,9355,60.76510000,4145496.99661170,0
